EntryTime,Expiry,Type,Strike,Direction,PnL
2024-01-31T15:00:00.0,2024-02-01T21:00:00.0,Put,482.0,-1,0.44
2024-01-31T15:00:00.0,2024-02-01T21:00:00.0,Call,494.0,-1,0.42
2024-01-31T15:00:00.0,2024-02-01T21:00:00.0,Put,478.0,1,-0.12
2024-01-31T15:00:00.0,2024-02-01T21:00:00.0,Call,500.0,1,-0.05
2024-02-01T15:00:00.0,2024-02-02T21:00:00.0,Put,479.0,-1,0.46
2024-02-01T15:00:00.0,2024-02-02T21:00:00.0,Call,490.0,-1,-3.3999999999999817
2024-02-01T15:00:00.0,2024-02-02T21:00:00.0,Put,475.0,1,-0.13
2024-02-01T15:00:00.0,2024-02-02T21:00:00.0,Call,496.0,1,-0.04
2024-02-02T15:00:00.0,2024-02-02T21:00:00.0,Put,487.5,-1,0.26
2024-02-02T15:00:00.0,2024-02-02T21:00:00.0,Call,493.0,-1,-0.5199999999999818
2024-02-02T15:00:00.0,2024-02-02T21:00:00.0,Put,482.0,1,-0.030000000000000002
2024-02-02T15:00:00.0,2024-02-02T21:00:00.0,Call,498.0,1,-0.02
2024-02-05T15:00:00.0,2024-02-06T21:00:00.0,Put,489.0,-1,0.28
2024-02-05T15:00:00.0,2024-02-06T21:00:00.0,Call,497.0,-1,0.26
2024-02-05T15:00:00.0,2024-02-06T21:00:00.0,Put,482.0,1,-0.05
2024-02-05T15:00:00.0,2024-02-06T21:00:00.0,Call,501.0,1,-0.06
2024-02-06T15:00:00.0,2024-02-07T21:00:00.0,Put,489.0,-1,0.32
2024-02-06T15:00:00.0,2024-02-07T21:00:00.0,Call,497.0,-1,-0.640000000000025
2024-02-06T15:00:00.0,2024-02-07T21:00:00.0,Put,483.0,1,-0.04
2024-02-06T15:00:00.0,2024-02-07T21:00:00.0,Call,500.0,1,-0.07
2024-02-08T15:00:00.0,2024-02-09T21:00:00.0,Put,494.0,-1,0.29
2024-02-08T15:00:00.0,2024-02-09T21:00:00.0,Call,502.0,-1,0.24
2024-02-08T15:00:00.0,2024-02-09T21:00:00.0,Put,490.0,1,-0.06
2024-02-08T15:00:00.0,2024-02-09T21:00:00.0,Call,510.0,1,-0.02
2024-02-09T15:00:00.0,2024-02-09T21:00:00.0,Put,497.0,-1,0.19
2024-02-09T15:00:00.0,2024-02-09T21:00:00.0,Call,502.0,-1,0.14
2024-02-09T15:00:00.0,2024-02-09T21:00:00.0,Put,491.0,1,-0.02
2024-02-09T15:00:00.0,2024-02-09T21:00:00.0,Call,508.0,1,-0.01
2024-02-12T15:00:00.0,2024-02-13T21:00:00.0,Put,497.0,-1,-2.519999999999998
2024-02-12T15:00:00.0,2024-02-13T21:00:00.0,Call,506.0,-1,0.32
2024-02-12T15:00:00.0,2024-02-13T21:00:00.0,Put,490.0,1,-0.06
2024-02-12T15:00:00.0,2024-02-13T21:00:00.0,Call,509.0,1,-0.07
2024-02-13T15:00:00.0,2024-02-14T21:00:00.0,Put,489.0,-1,0.32
2024-02-13T15:00:00.0,2024-02-14T21:00:00.0,Call,498.0,-1,-0.5500000000000159
2024-02-13T15:00:00.0,2024-02-14T21:00:00.0,Put,479.0,1,-0.04
2024-02-13T15:00:00.0,2024-02-14T21:00:00.0,Call,505.0,1,-0.03
2024-02-14T15:00:00.0,2024-02-15T21:00:00.0,Put,493.0,-1,0.41
2024-02-14T15:00:00.0,2024-02-15T21:00:00.0,Call,501.0,-1,-0.6299999999999818
2024-02-14T15:00:00.0,2024-02-15T21:00:00.0,Put,485.0,1,-0.07
2024-02-14T15:00:00.0,2024-02-15T21:00:00.0,Call,504.0,1,-0.1
2024-02-15T15:00:00.0,2024-02-16T21:00:00.0,Put,495.0,-1,0.38
2024-02-15T15:00:00.0,2024-02-16T21:00:00.0,Call,504.0,-1,0.33
2024-02-15T15:00:00.0,2024-02-16T21:00:00.0,Put,489.0,1,-0.09
2024-02-15T15:00:00.0,2024-02-16T21:00:00.0,Call,510.0,1,-0.02
2024-02-16T15:00:00.0,2024-02-16T21:00:00.0,Put,496.0,-1,0.31
2024-02-16T15:00:00.0,2024-02-16T21:00:00.0,Call,503.0,-1,0.14
2024-02-16T15:00:00.0,2024-02-16T21:00:00.0,Put,490.0,1,-0.04
2024-02-16T15:00:00.0,2024-02-16T21:00:00.0,Call,508.0,1,-0.02
2024-02-20T15:00:00.0,2024-02-21T21:00:00.0,Put,491.0,-1,0.46
2024-02-20T15:00:00.0,2024-02-21T21:00:00.0,Call,502.0,-1,0.37
2024-02-20T15:00:00.0,2024-02-21T21:00:00.0,Put,487.0,1,-0.15
2024-02-20T15:00:00.0,2024-02-21T21:00:00.0,Call,508.0,1,-0.04
2024-02-21T15:00:00.0,2024-02-22T21:00:00.0,Put,490.0,-1,0.51
2024-02-21T15:00:00.0,2024-02-22T21:00:00.0,Call,501.0,-1,-5.899999999999995
2024-02-21T15:00:00.0,2024-02-22T21:00:00.0,Put,485.0,1,-0.11
2024-02-21T15:00:00.0,2024-02-22T21:00:00.0,Call,507.0,1,0.32999999999999546
2024-02-22T15:00:00.0,2024-02-23T21:00:00.0,Put,500.0,-1,0.34
2024-02-22T15:00:00.0,2024-02-23T21:00:00.0,Call,510.0,-1,0.29
2024-02-22T15:00:00.0,2024-02-23T21:00:00.0,Put,494.0,1,-0.07
2024-02-22T15:00:00.0,2024-02-23T21:00:00.0,Call,514.0,1,-0.06
2024-02-23T15:00:00.0,2024-02-23T21:00:00.0,Put,506.0,-1,0.14
2024-02-23T15:00:00.0,2024-02-23T21:00:00.0,Call,512.0,-1,0.2
2024-02-23T15:00:00.0,2024-02-23T21:00:00.0,Put,500.0,1,-0.02
2024-02-23T15:00:00.0,2024-02-23T21:00:00.0,Call,517.0,1,-0.01
2024-02-26T15:00:00.0,2024-02-27T21:00:00.0,Put,504.0,-1,0.3
2024-02-26T15:00:00.0,2024-02-27T21:00:00.0,Call,512.0,-1,0.24999999999999997
2024-02-26T15:00:00.0,2024-02-27T21:00:00.0,Put,494.0,1,-0.03
2024-02-26T15:00:00.0,2024-02-27T21:00:00.0,Call,515.0,1,-0.05
2024-02-27T15:00:00.0,2024-02-28T21:00:00.0,Put,503.0,-1,0.18
2024-02-27T15:00:00.0,2024-02-28T21:00:00.0,Call,510.0,-1,0.24
2024-02-27T15:00:00.0,2024-02-28T21:00:00.0,Put,497.0,1,-0.05
2024-02-27T15:00:00.0,2024-02-28T21:00:00.0,Call,515.0,1,-0.02
2024-02-28T15:00:00.0,2024-02-29T21:00:00.0,Put,501.0,-1,0.32
2024-02-28T15:00:00.0,2024-02-29T21:00:00.0,Call,510.0,-1,0.26
2024-02-28T15:00:00.0,2024-02-29T21:00:00.0,Put,496.0,1,-0.07
2024-02-28T15:00:00.0,2024-02-29T21:00:00.0,Call,517.0,1,-0.01
2024-02-29T15:00:00.0,2024-03-01T21:00:00.0,Put,504.0,-1,0.3
2024-02-29T15:00:00.0,2024-03-01T21:00:00.0,Call,513.0,-1,0.28
2024-02-29T15:00:00.0,2024-03-01T21:00:00.0,Put,499.0,1,-0.06
2024-02-29T15:00:00.0,2024-03-01T21:00:00.0,Call,519.0,1,-0.02
2024-03-01T15:00:00.0,2024-03-01T21:00:00.0,Put,507.0,-1,0.15
2024-03-01T15:00:00.0,2024-03-01T21:00:00.0,Call,512.0,-1,-0.63
2024-03-01T15:00:00.0,2024-03-01T21:00:00.0,Put,501.0,1,-0.02
2024-03-01T15:00:00.0,2024-03-01T21:00:00.0,Call,517.0,1,-0.01
2024-03-04T15:00:00.0,2024-03-05T21:00:00.0,Put,509.0,-1,-1.360000000000025
2024-03-04T15:00:00.0,2024-03-05T21:00:00.0,Call,516.0,-1,0.2
2024-03-04T15:00:00.0,2024-03-05T21:00:00.0,Put,504.0,1,-0.06
2024-03-04T15:00:00.0,2024-03-05T21:00:00.0,Call,522.0,1,-0.01
2024-03-05T15:00:00.0,2024-03-06T21:00:00.0,Put,506.0,-1,0.37
2024-03-05T15:00:00.0,2024-03-06T21:00:00.0,Call,514.0,-1,0.38
2024-03-05T15:00:00.0,2024-03-06T21:00:00.0,Put,477.0,1,-0.01
2024-03-05T15:00:00.0,2024-03-06T21:00:00.0,Call,518.0,1,-0.06
2024-03-06T15:00:00.0,2024-03-07T21:00:00.0,Put,505.0,-1,0.37
2024-03-06T15:00:00.0,2024-03-07T21:00:00.0,Call,515.0,-1,0.25
2024-03-06T15:00:00.0,2024-03-07T21:00:00.0,Put,498.0,1,-0.05
2024-03-06T15:00:00.0,2024-03-07T21:00:00.0,Call,519.0,1,-0.06
2024-03-07T15:00:00.0,2024-03-08T21:00:00.0,Put,508.0,-1,0.47
2024-03-07T15:00:00.0,2024-03-08T21:00:00.0,Call,518.0,-1,0.45
2024-03-07T15:00:00.0,2024-03-08T21:00:00.0,Put,501.0,1,-0.07
2024-03-07T15:00:00.0,2024-03-08T21:00:00.0,Call,525.0,1,-0.02
2024-03-08T15:00:00.0,2024-03-08T21:00:00.0,Put,515.0,-1,-2.4799999999999907
2024-03-08T15:00:00.0,2024-03-08T21:00:00.0,Call,521.0,-1,0.17
2024-03-08T15:00:00.0,2024-03-08T21:00:00.0,Put,509.0,1,-0.03
2024-03-08T15:00:00.0,2024-03-08T21:00:00.0,Call,526.0,1,-0.01
2024-03-11T14:00:00.0,2024-03-12T20:00:00.0,Put,503.0,-1,0.55
2024-03-11T14:00:00.0,2024-03-12T20:00:00.0,Call,516.0,-1,-0.3499999999999454
2024-03-11T14:00:00.0,2024-03-12T20:00:00.0,Put,496.0,1,-0.08
2024-03-11T14:00:00.0,2024-03-12T20:00:00.0,Call,521.0,1,-0.08
2024-03-12T14:00:00.0,2024-03-13T20:00:00.0,Put,508.0,-1,0.39
2024-03-12T14:00:00.0,2024-03-13T20:00:00.0,Call,518.0,-1,0.4
2024-03-12T14:00:00.0,2024-03-13T20:00:00.0,Put,502.0,1,-0.08
2024-03-12T14:00:00.0,2024-03-13T20:00:00.0,Call,523.0,1,-0.04
2024-03-13T14:00:00.0,2024-03-14T20:00:00.0,Put,511.0,-1,0.31
2024-03-13T14:00:00.0,2024-03-14T20:00:00.0,Call,520.0,-1,0.38
2024-03-13T14:00:00.0,2024-03-14T20:00:00.0,Put,505.0,1,-0.08
2024-03-13T14:00:00.0,2024-03-14T20:00:00.0,Call,525.0,1,-0.04
2024-03-14T14:00:00.0,2024-03-15T20:00:00.0,Put,507.0,-1,0.56
2024-03-14T14:00:00.0,2024-03-15T20:00:00.0,Call,518.0,-1,0.34
2024-03-14T14:00:00.0,2024-03-15T20:00:00.0,Put,501.0,1,-0.18
2024-03-14T14:00:00.0,2024-03-15T20:00:00.0,Call,524.0,1,-0.03
2024-03-15T14:00:00.0,2024-03-15T20:00:00.0,Put,506.0,-1,0.23
2024-03-15T14:00:00.0,2024-03-15T20:00:00.0,Call,514.0,-1,0.18
2024-03-15T14:00:00.0,2024-03-15T20:00:00.0,Put,500.0,1,-0.05
2024-03-15T14:00:00.0,2024-03-15T20:00:00.0,Call,519.0,1,-0.02
2024-03-19T14:00:00.0,2024-03-20T20:00:00.0,Put,507.0,-1,0.63
2024-03-19T14:00:00.0,2024-03-20T20:00:00.0,Call,517.0,-1,-2.750000000000018
2024-03-19T14:00:00.0,2024-03-20T20:00:00.0,Put,500.0,1,-0.06
2024-03-19T14:00:00.0,2024-03-20T20:00:00.0,Call,522.0,1,-0.06
2024-03-20T14:00:00.0,2024-03-21T20:00:00.0,Put,509.0,-1,0.48
2024-03-20T14:00:00.0,2024-03-21T20:00:00.0,Call,521.0,-1,-0.6500000000000273
2024-03-20T14:00:00.0,2024-03-21T20:00:00.0,Put,502.0,1,-0.08
2024-03-20T14:00:00.0,2024-03-21T20:00:00.0,Call,525.0,1,-0.13
2024-03-21T14:00:00.0,2024-03-22T20:00:00.0,Put,519.0,-1,0.27
2024-03-21T14:00:00.0,2024-03-22T20:00:00.0,Call,527.0,-1,0.29
2024-03-21T14:00:00.0,2024-03-22T20:00:00.0,Put,510.0,1,-0.03
2024-03-21T14:00:00.0,2024-03-22T20:00:00.0,Call,531.0,1,-0.04
2024-03-22T14:00:00.0,2024-03-22T20:00:00.0,Put,519.0,-1,0.14
2024-03-22T14:00:00.0,2024-03-22T20:00:00.0,Call,524.0,-1,0.14
2024-03-22T14:00:00.0,2024-03-22T20:00:00.0,Put,513.0,1,-0.02
2024-03-22T14:00:00.0,2024-03-22T20:00:00.0,Call,530.0,1,-0.01
2024-03-25T14:00:00.0,2024-03-26T20:00:00.0,Put,517.0,-1,0.32
2024-03-25T14:00:00.0,2024-03-26T20:00:00.0,Call,524.0,-1,0.18
2024-03-25T14:00:00.0,2024-03-26T20:00:00.0,Put,510.0,1,-0.03
2024-03-25T14:00:00.0,2024-03-26T20:00:00.0,Call,528.0,1,-0.01
2024-03-26T14:00:00.0,2024-03-27T20:00:00.0,Put,518.0,-1,0.24
2024-03-26T14:00:00.0,2024-03-27T20:00:00.0,Call,525.0,-1,0.17
2024-03-26T14:00:00.0,2024-03-27T20:00:00.0,Put,509.0,1,-0.02
2024-03-26T14:00:00.0,2024-03-27T20:00:00.0,Call,528.0,1,-0.03
2024-03-27T14:00:00.0,2024-03-28T20:00:00.0,Put,517.0,-1,0.31
2024-03-27T14:00:00.0,2024-03-28T20:00:00.0,Call,524.0,-1,0.3
2024-03-27T14:00:00.0,2024-03-28T20:00:00.0,Put,510.0,1,-0.05
2024-03-27T14:00:00.0,2024-03-28T20:00:00.0,Call,531.0,1,-0.02
2024-03-28T14:00:00.0,2024-03-28T20:00:00.0,Put,521.0,-1,0.18
2024-03-28T14:00:00.0,2024-03-28T20:00:00.0,Call,526.0,-1,0.09
2024-03-28T14:00:00.0,2024-03-28T20:00:00.0,Put,515.0,1,-0.02
2024-03-28T14:00:00.0,2024-03-28T20:00:00.0,Call,531.0,1,-0.01
2024-04-01T14:00:00.0,2024-04-02T20:00:00.0,Put,521.0,-1,-1.8499999999999954
2024-04-01T14:00:00.0,2024-04-02T20:00:00.0,Call,527.0,-1,0.2
2024-04-01T14:00:00.0,2024-04-02T20:00:00.0,Put,515.0,1,-0.04
2024-04-01T14:00:00.0,2024-04-02T20:00:00.0,Call,530.0,1,-0.04
2024-04-02T14:00:00.0,2024-04-03T20:00:00.0,Put,513.0,-1,0.41
2024-04-02T14:00:00.0,2024-04-03T20:00:00.0,Call,522.0,-1,0.24
2024-04-02T14:00:00.0,2024-04-03T20:00:00.0,Put,506.0,1,-0.07
2024-04-02T14:00:00.0,2024-04-03T20:00:00.0,Call,527.0,1,-0.03
2024-04-03T14:00:00.0,2024-04-04T20:00:00.0,Put,515.0,-1,-1.3099999999999954
2024-04-03T14:00:00.0,2024-04-04T20:00:00.0,Call,523.0,-1,0.27
2024-04-03T14:00:00.0,2024-04-04T20:00:00.0,Put,510.0,1,-0.08
2024-04-03T14:00:00.0,2024-04-04T20:00:00.0,Call,533.0,1,-0.01
2024-04-04T14:00:00.0,2024-04-05T20:00:00.0,Put,518.0,-1,0.37
2024-04-04T14:00:00.0,2024-04-05T20:00:00.0,Call,527.0,-1,0.39
2024-04-04T14:00:00.0,2024-04-05T20:00:00.0,Put,512.0,1,-0.06
2024-04-04T14:00:00.0,2024-04-05T20:00:00.0,Call,531.0,1,-0.06
2024-04-05T14:00:00.0,2024-04-05T20:00:00.0,Put,512.0,-1,0.32
2024-04-05T14:00:00.0,2024-04-05T20:00:00.0,Call,519.0,-1,0.32
2024-04-05T14:00:00.0,2024-04-05T20:00:00.0,Put,506.0,1,-0.05
2024-04-05T14:00:00.0,2024-04-05T20:00:00.0,Call,525.0,1,-0.02
2024-04-08T14:00:00.0,2024-04-09T20:00:00.0,Put,514.0,-1,0.44
2024-04-08T14:00:00.0,2024-04-09T20:00:00.0,Call,523.0,-1,0.31
2024-04-08T14:00:00.0,2024-04-09T20:00:00.0,Put,510.0,1,-0.14
2024-04-08T14:00:00.0,2024-04-09T20:00:00.0,Call,529.0,1,-0.02
2024-04-09T14:00:00.0,2024-04-10T20:00:00.0,Put,512.0,-1,0.53
2024-04-09T14:00:00.0,2024-04-10T20:00:00.0,Call,525.0,-1,0.45
2024-04-09T14:00:00.0,2024-04-10T20:00:00.0,Put,505.0,1,-0.07
2024-04-09T14:00:00.0,2024-04-10T20:00:00.0,Call,530.0,1,-0.05
2024-04-10T14:00:00.0,2024-04-11T20:00:00.0,Put,507.0,-1,0.53
2024-04-10T14:00:00.0,2024-04-11T20:00:00.0,Call,520.0,-1,0.43
2024-04-10T14:00:00.0,2024-04-11T20:00:00.0,Put,500.0,1,-0.11
2024-04-10T14:00:00.0,2024-04-11T20:00:00.0,Call,524.0,1,-0.1
2024-04-11T14:00:00.0,2024-04-12T20:00:00.0,Put,507.5,-1,0.49
2024-04-11T14:00:00.0,2024-04-12T20:00:00.0,Call,520.0,-1,0.43
2024-04-11T14:00:00.0,2024-04-12T20:00:00.0,Put,501.0,1,-0.11
2024-04-11T14:00:00.0,2024-04-12T20:00:00.0,Call,525.0,1,-0.07
2024-04-12T14:00:00.0,2024-04-12T20:00:00.0,Put,511.0,-1,0.3700000000000091
2024-04-12T14:00:00.0,2024-04-12T20:00:00.0,Call,519.0,-1,0.19
2024-04-12T14:00:00.0,2024-04-12T20:00:00.0,Put,505.0,1,-0.08
2024-04-12T14:00:00.0,2024-04-12T20:00:00.0,Call,524.0,1,-0.02
2024-04-15T14:00:00.0,2024-04-16T20:00:00.0,Put,509.0,-1,-5.269999999999975
2024-04-15T14:00:00.0,2024-04-16T20:00:00.0,Call,520.0,-1,0.39
2024-04-15T14:00:00.0,2024-04-16T20:00:00.0,Put,503.0,1,-0.16
2024-04-15T14:00:00.0,2024-04-16T20:00:00.0,Call,526.0,1,-0.03
2024-04-16T14:00:00.0,2024-04-17T20:00:00.0,Put,497.0,-1,0.66
2024-04-16T14:00:00.0,2024-04-17T20:00:00.0,Call,511.0,-1,0.58
2024-04-16T14:00:00.0,2024-04-17T20:00:00.0,Put,491.0,1,-0.21
2024-04-16T14:00:00.0,2024-04-17T20:00:00.0,Call,516.0,1,-0.12
2024-04-17T14:00:00.0,2024-04-18T20:00:00.0,Put,498.0,-1,0.43
2024-04-17T14:00:00.0,2024-04-18T20:00:00.0,Call,511.0,-1,0.45
2024-04-17T14:00:00.0,2024-04-18T20:00:00.0,Put,494.0,1,-0.2
2024-04-17T14:00:00.0,2024-04-18T20:00:00.0,Call,517.0,1,-0.06
2024-04-18T14:00:00.0,2024-04-19T20:00:00.0,Put,494.0,-1,0.51
2024-04-18T14:00:00.0,2024-04-19T20:00:00.0,Call,507.0,-1,0.53
2024-04-18T14:00:00.0,2024-04-19T20:00:00.0,Put,488.0,1,-0.13
2024-04-18T14:00:00.0,2024-04-19T20:00:00.0,Call,513.0,1,-0.07
2024-04-19T14:00:00.0,2024-04-19T20:00:00.0,Put,495.0,-1,0.2800000000000159
2024-04-19T14:00:00.0,2024-04-19T20:00:00.0,Call,504.0,-1,0.31
2024-04-19T14:00:00.0,2024-04-19T20:00:00.0,Put,489.0,1,-0.07
2024-04-19T14:00:00.0,2024-04-19T20:00:00.0,Call,510.0,1,-0.03
2024-04-22T14:00:00.0,2024-04-23T20:00:00.0,Put,492.0,-1,0.52
2024-04-22T14:00:00.0,2024-04-23T20:00:00.0,Call,503.0,-1,-1.980000000000016
2024-04-22T14:00:00.0,2024-04-23T20:00:00.0,Put,486.0,1,-0.12
2024-04-22T14:00:00.0,2024-04-23T20:00:00.0,Call,508.0,1,-0.07
2024-04-23T14:00:00.0,2024-04-24T20:00:00.0,Put,497.0,-1,0.42
2024-04-23T14:00:00.0,2024-04-24T20:00:00.0,Call,508.0,-1,0.4
2024-04-23T14:00:00.0,2024-04-24T20:00:00.0,Put,490.0,1,-0.1
2024-04-23T14:00:00.0,2024-04-24T20:00:00.0,Call,513.0,1,-0.06
2024-04-24T14:00:00.0,2024-04-25T20:00:00.0,Put,501.0,-1,0.55
2024-04-24T14:00:00.0,2024-04-25T20:00:00.0,Call,512.0,-1,0.36
2024-04-24T14:00:00.0,2024-04-25T20:00:00.0,Put,490.0,1,-0.05
2024-04-24T14:00:00.0,2024-04-25T20:00:00.0,Call,517.0,1,-0.05
2024-04-25T14:00:00.0,2024-04-26T20:00:00.0,Put,491.0,-1,0.53
2024-04-25T14:00:00.0,2024-04-26T20:00:00.0,Call,505.0,-1,-2.8299999999999725
2024-04-25T14:00:00.0,2024-04-26T20:00:00.0,Put,485.0,1,-0.13
2024-04-25T14:00:00.0,2024-04-26T20:00:00.0,Call,511.0,1,-0.08
2024-04-26T14:00:00.0,2024-04-26T20:00:00.0,Put,504.0,-1,0.35
2024-04-26T14:00:00.0,2024-04-26T20:00:00.0,Call,511.0,-1,0.23
2024-04-26T14:00:00.0,2024-04-26T20:00:00.0,Put,498.0,1,-0.07
2024-04-26T14:00:00.0,2024-04-26T20:00:00.0,Call,517.0,1,-0.01
2024-04-29T14:00:00.0,2024-04-30T20:00:00.0,Put,505.0,-1,-2.4500000000000135
2024-04-29T14:00:00.0,2024-04-30T20:00:00.0,Call,514.0,-1,0.34
2024-04-29T14:00:00.0,2024-04-30T20:00:00.0,Put,497.0,1,-0.05
2024-04-29T14:00:00.0,2024-04-30T20:00:00.0,Call,518.0,1,-0.06
2024-04-30T14:00:00.0,2024-05-01T20:00:00.0,Put,503.0,-1,-2.1899999999999977
2024-04-30T14:00:00.0,2024-05-01T20:00:00.0,Call,515.0,-1,0.38
2024-04-30T14:00:00.0,2024-05-01T20:00:00.0,Put,498.0,1,-0.12
2024-04-30T14:00:00.0,2024-05-01T20:00:00.0,Call,522.0,1,-0.02
2024-05-01T14:00:00.0,2024-05-02T20:00:00.0,Put,494.0,-1,0.53
2024-05-01T14:00:00.0,2024-05-02T20:00:00.0,Call,508.0,-1,0.5
2024-05-01T14:00:00.0,2024-05-02T20:00:00.0,Put,490.0,1,-0.21
2024-05-01T14:00:00.0,2024-05-02T20:00:00.0,Call,514.0,1,-0.09
2024-05-02T14:00:00.0,2024-05-03T20:00:00.0,Put,495.0,-1,0.64
2024-05-02T14:00:00.0,2024-05-03T20:00:00.0,Call,509.0,-1,-1.9899999999999909
2024-05-02T14:00:00.0,2024-05-03T20:00:00.0,Put,488.0,1,-0.09
2024-05-02T14:00:00.0,2024-05-03T20:00:00.0,Call,514.0,1,-0.1
2024-05-03T14:00:00.0,2024-05-03T20:00:00.0,Put,506.0,-1,0.15
2024-05-03T14:00:00.0,2024-05-03T20:00:00.0,Call,514.0,-1,0.23
2024-05-03T14:00:00.0,2024-05-03T20:00:00.0,Put,500.0,1,-0.07
2024-05-03T14:00:00.0,2024-05-03T20:00:00.0,Call,519.0,1,-0.02
2024-05-06T14:00:00.0,2024-05-07T20:00:00.0,Put,510.0,-1,0.35
2024-05-06T14:00:00.0,2024-05-07T20:00:00.0,Call,518.0,-1,0.22
2024-05-06T14:00:00.0,2024-05-07T20:00:00.0,Put,504.0,1,-0.06
2024-05-06T14:00:00.0,2024-05-07T20:00:00.0,Call,523.0,1,-0.02
2024-05-07T14:00:00.0,2024-05-08T20:00:00.0,Put,513.0,-1,0.34
2024-05-07T14:00:00.0,2024-05-08T20:00:00.0,Call,521.0,-1,0.22
2024-05-07T14:00:00.0,2024-05-08T20:00:00.0,Put,506.0,1,-0.04
2024-05-07T14:00:00.0,2024-05-08T20:00:00.0,Call,524.0,1,-0.05
2024-05-08T14:00:00.0,2024-05-09T20:00:00.0,Put,513.0,-1,0.4
2024-05-08T14:00:00.0,2024-05-09T20:00:00.0,Call,520.0,-1,0.1899999999999591
2024-05-08T14:00:00.0,2024-05-09T20:00:00.0,Put,510.0,1,-0.15
2024-05-08T14:00:00.0,2024-05-09T20:00:00.0,Call,526.0,1,-0.02
2024-05-09T14:00:00.0,2024-05-10T20:00:00.0,Put,514.0,-1,0.41
2024-05-09T14:00:00.0,2024-05-10T20:00:00.0,Call,521.0,-1,0.28
2024-05-09T14:00:00.0,2024-05-10T20:00:00.0,Put,508.0,1,-0.06
2024-05-09T14:00:00.0,2024-05-10T20:00:00.0,Call,525.0,1,-0.03
2024-05-10T14:00:00.0,2024-05-10T20:00:00.0,Put,519.0,-1,0.15
2024-05-10T14:00:00.0,2024-05-10T20:00:00.0,Call,524.0,-1,0.16
2024-05-10T14:00:00.0,2024-05-10T20:00:00.0,Put,513.0,1,-0.02
2024-05-10T14:00:00.0,2024-05-10T20:00:00.0,Call,530.0,1,-0.01
2024-05-13T14:00:00.0,2024-05-14T20:00:00.0,Put,517.0,-1,0.35
2024-05-13T14:00:00.0,2024-05-14T20:00:00.0,Call,526.0,-1,0.24
2024-05-13T14:00:00.0,2024-05-14T20:00:00.0,Put,510.0,1,-0.03
2024-05-13T14:00:00.0,2024-05-14T20:00:00.0,Call,530.0,1,-0.03
2024-05-14T14:00:00.0,2024-05-15T20:00:00.0,Put,515.0,-1,0.58
2024-05-14T14:00:00.0,2024-05-15T20:00:00.0,Call,527.0,-1,-1.81000000000005
2024-05-14T14:00:00.0,2024-05-15T20:00:00.0,Put,509.0,1,-0.08
2024-05-14T14:00:00.0,2024-05-15T20:00:00.0,Call,530.0,1,-0.13
2024-05-15T14:00:00.0,2024-05-16T20:00:00.0,Put,522.0,-1,0.42
2024-05-15T14:00:00.0,2024-05-16T20:00:00.0,Call,530.0,-1,0.28
2024-05-15T14:00:00.0,2024-05-16T20:00:00.0,Put,510.0,1,-0.03
2024-05-15T14:00:00.0,2024-05-16T20:00:00.0,Call,535.0,1,-0.03
2024-05-16T14:00:00.0,2024-05-17T20:00:00.0,Put,526.0,-1,0.28
2024-05-16T14:00:00.0,2024-05-17T20:00:00.0,Call,534.0,-1,0.19
2024-05-16T14:00:00.0,2024-05-17T20:00:00.0,Put,520.0,1,-0.07
2024-05-16T14:00:00.0,2024-05-17T20:00:00.0,Call,537.0,1,-0.04
2024-05-17T14:00:00.0,2024-05-17T20:00:00.0,Put,526.0,-1,0.16
2024-05-17T14:00:00.0,2024-05-17T20:00:00.0,Call,531.0,-1,0.13
2024-05-17T14:00:00.0,2024-05-17T20:00:00.0,Put,520.0,1,-0.02
2024-05-17T14:00:00.0,2024-05-17T20:00:00.0,Call,535.0,1,-0.01
2024-05-20T14:00:00.0,2024-05-21T20:00:00.0,Put,528.0,-1,0.3
2024-05-20T14:00:00.0,2024-05-21T20:00:00.0,Call,534.0,-1,0.2
2024-05-20T14:00:00.0,2024-05-21T20:00:00.0,Put,518.0,1,-0.02
2024-05-20T14:00:00.0,2024-05-21T20:00:00.0,Call,538.0,1,-0.01
2024-05-22T14:00:00.0,2024-05-23T20:00:00.0,Put,526.0,-1,0.23999999999995453
2024-05-22T14:00:00.0,2024-05-23T20:00:00.0,Call,536.0,-1,0.48
2024-05-22T14:00:00.0,2024-05-23T20:00:00.0,Put,522.0,1,-0.11
2024-05-22T14:00:00.0,2024-05-23T20:00:00.0,Call,545.0,1,-0.01
2024-05-23T14:00:00.0,2024-05-24T20:00:00.0,Put,525.0,-1,0.43
2024-05-23T14:00:00.0,2024-05-24T20:00:00.0,Call,535.0,-1,0.33
2024-05-23T14:00:00.0,2024-05-24T20:00:00.0,Put,519.0,1,-0.12
2024-05-23T14:00:00.0,2024-05-24T20:00:00.0,Call,540.0,1,-0.03
2024-05-24T14:00:00.0,2024-05-24T20:00:00.0,Put,525.0,-1,0.19
2024-05-24T14:00:00.0,2024-05-24T20:00:00.0,Call,531.0,-1,0.08
2024-05-24T14:00:00.0,2024-05-24T20:00:00.0,Put,519.0,1,-0.03
2024-05-24T14:00:00.0,2024-05-24T20:00:00.0,Call,537.0,1,-0.01
2024-05-28T14:00:00.0,2024-05-29T20:00:00.0,Put,525.0,-1,0.29
2024-05-28T14:00:00.0,2024-05-29T20:00:00.0,Call,533.0,-1,0.18
2024-05-28T14:00:00.0,2024-05-29T20:00:00.0,Put,514.0,1,-0.03
2024-05-28T14:00:00.0,2024-05-29T20:00:00.0,Call,537.0,1,-0.03
2024-05-30T14:00:00.0,2024-05-31T20:00:00.0,Put,520.0,-1,0.34
2024-05-30T14:00:00.0,2024-05-31T20:00:00.0,Call,529.0,-1,0.36
2024-05-30T14:00:00.0,2024-05-31T20:00:00.0,Put,514.0,1,-0.05
2024-05-30T14:00:00.0,2024-05-31T20:00:00.0,Call,535.0,1,-0.03
2024-05-31T14:00:00.0,2024-05-31T20:00:00.0,Put,520.0,-1,0.25
2024-05-31T14:00:00.0,2024-05-31T20:00:00.0,Call,526.0,-1,-1.3200000000000092
2024-05-31T14:00:00.0,2024-05-31T20:00:00.0,Put,514.0,1,-0.02
2024-05-31T14:00:00.0,2024-05-31T20:00:00.0,Call,531.0,1,-0.01
2024-06-03T14:00:00.0,2024-06-04T20:00:00.0,Put,524.0,-1,0.24
2024-06-03T14:00:00.0,2024-06-04T20:00:00.0,Call,532.0,-1,0.21
2024-06-03T14:00:00.0,2024-06-04T20:00:00.0,Put,517.0,1,-0.05
2024-06-03T14:00:00.0,2024-06-04T20:00:00.0,Call,536.0,1,-0.03
2024-06-04T14:00:00.0,2024-06-05T20:00:00.0,Put,522.0,-1,0.31
2024-06-04T14:00:00.0,2024-06-05T20:00:00.0,Call,531.0,-1,-3.1400000000000365
2024-06-04T14:00:00.0,2024-06-05T20:00:00.0,Put,515.0,1,-0.04
2024-06-04T14:00:00.0,2024-06-05T20:00:00.0,Call,538.0,1,-0.02
2024-06-05T14:00:00.0,2024-06-06T20:00:00.0,Put,525.0,-1,0.38
2024-06-05T14:00:00.0,2024-06-06T20:00:00.0,Call,534.0,-1,-0.19000000000005002
2024-06-05T14:00:00.0,2024-06-06T20:00:00.0,Put,515.0,1,-0.02
2024-06-05T14:00:00.0,2024-06-06T20:00:00.0,Call,537.0,1,-0.05
2024-06-06T14:00:00.0,2024-06-07T20:00:00.0,Put,529.0,-1,0.44
2024-06-06T14:00:00.0,2024-06-07T20:00:00.0,Call,539.0,-1,0.46
2024-06-06T14:00:00.0,2024-06-07T20:00:00.0,Put,522.0,1,-0.07
2024-06-06T14:00:00.0,2024-06-07T20:00:00.0,Call,542.0,1,-0.12
2024-06-07T14:00:00.0,2024-06-07T20:00:00.0,Put,531.0,-1,0.27999999999999997
2024-06-07T14:00:00.0,2024-06-07T20:00:00.0,Call,537.0,-1,0.18000000000000002
2024-06-07T14:00:00.0,2024-06-07T20:00:00.0,Put,525.0,1,-0.03
2024-06-07T14:00:00.0,2024-06-07T20:00:00.0,Call,542.0,1,-0.01
2024-06-10T14:00:00.0,2024-06-11T20:00:00.0,Put,529.0,-1,0.29
2024-06-10T14:00:00.0,2024-06-11T20:00:00.0,Call,537.0,-1,0.19
2024-06-10T14:00:00.0,2024-06-11T20:00:00.0,Put,525.0,1,-0.07
2024-06-10T14:00:00.0,2024-06-11T20:00:00.0,Call,553.0,1,-0.01
2024-06-11T14:00:00.0,2024-06-12T20:00:00.0,Put,526.0,-1,0.47
2024-06-11T14:00:00.0,2024-06-12T20:00:00.0,Call,539.0,-1,-1.69
2024-06-11T14:00:00.0,2024-06-12T20:00:00.0,Put,520.0,1,-0.06
2024-06-11T14:00:00.0,2024-06-12T20:00:00.0,Call,545.0,1,-0.04
2024-06-12T14:00:00.0,2024-06-13T20:00:00.0,Put,536.0,-1,0.47
2024-06-12T14:00:00.0,2024-06-13T20:00:00.0,Call,548.0,-1,0.36
2024-06-12T14:00:00.0,2024-06-13T20:00:00.0,Put,530.0,1,-0.09
2024-06-12T14:00:00.0,2024-06-13T20:00:00.0,Call,552.0,1,-0.06
2024-06-13T14:00:00.0,2024-06-14T20:00:00.0,Put,538.0,-1,0.43
2024-06-13T14:00:00.0,2024-06-14T20:00:00.0,Call,546.0,-1,0.36
2024-06-13T14:00:00.0,2024-06-14T20:00:00.0,Put,532.0,1,-0.08
2024-06-13T14:00:00.0,2024-06-14T20:00:00.0,Call,552.0,1,-0.03
2024-06-14T14:00:00.0,2024-06-14T20:00:00.0,Put,538.0,-1,0.23
2024-06-14T14:00:00.0,2024-06-14T20:00:00.0,Call,544.0,-1,0.1
2024-06-14T14:00:00.0,2024-06-14T20:00:00.0,Put,532.0,1,-0.04
2024-06-14T14:00:00.0,2024-06-14T20:00:00.0,Call,548.0,1,-0.01
2024-06-17T14:00:00.0,2024-06-18T20:00:00.0,Put,538.0,-1,0.37
2024-06-17T14:00:00.0,2024-06-18T20:00:00.0,Call,546.0,-1,-2.0599999999999725
2024-06-17T14:00:00.0,2024-06-18T20:00:00.0,Put,514.0,1,-0.029999999999999995
2024-06-17T14:00:00.0,2024-06-18T20:00:00.0,Call,551.0,1,-0.02
2024-06-18T14:00:00.0,2024-06-18T20:00:00.0,Put,545.0,-1,0.3
2024-06-18T14:00:00.0,2024-06-18T20:00:00.0,Call,550.0,-1,0.21
2024-06-18T14:00:00.0,2024-06-18T20:00:00.0,Put,539.0,1,-0.03
2024-06-18T14:00:00.0,2024-06-18T20:00:00.0,Call,556.0,1,-0.01
2024-06-20T14:00:00.0,2024-06-21T20:00:00.0,Put,544.0,-1,0.46
2024-06-20T14:00:00.0,2024-06-21T20:00:00.0,Call,553.0,-1,0.26
2024-06-20T14:00:00.0,2024-06-21T20:00:00.0,Put,537.0,1,-0.09
2024-06-20T14:00:00.0,2024-06-21T20:00:00.0,Call,558.0,1,-0.05
2024-06-21T14:00:00.0,2024-06-21T20:00:00.0,Put,541.0,-1,0.25
2024-06-21T14:00:00.0,2024-06-21T20:00:00.0,Call,547.0,-1,0.22
2024-06-21T14:00:00.0,2024-06-21T20:00:00.0,Put,535.0,1,-0.03
2024-06-21T14:00:00.0,2024-06-21T20:00:00.0,Call,552.0,1,-0.02
2024-06-24T14:00:00.0,2024-06-25T20:00:00.0,Put,542.0,-1,0.37
2024-06-24T14:00:00.0,2024-06-25T20:00:00.0,Call,549.0,-1,0.31
2024-06-24T14:00:00.0,2024-06-25T20:00:00.0,Put,535.0,1,-0.04
2024-06-24T14:00:00.0,2024-06-25T20:00:00.0,Call,553.0,1,-0.03
2024-06-25T14:00:00.0,2024-06-26T20:00:00.0,Put,539.0,-1,0.29
2024-06-25T14:00:00.0,2024-06-26T20:00:00.0,Call,547.0,-1,0.29
2024-06-25T14:00:00.0,2024-06-26T20:00:00.0,Put,533.0,1,-0.04000000000000001
2024-06-25T14:00:00.0,2024-06-26T20:00:00.0,Call,552.0,1,-0.020000000000000004
2024-06-27T14:00:00.0,2024-06-28T20:00:00.0,Put,542.0,-1,0.38
2024-06-27T14:00:00.0,2024-06-28T20:00:00.0,Call,551.0,-1,0.24
2024-06-27T14:00:00.0,2024-06-28T20:00:00.0,Put,536.0,1,-0.05
2024-06-27T14:00:00.0,2024-06-28T20:00:00.0,Call,555.0,1,-0.03
2024-06-28T14:00:00.0,2024-06-28T20:00:00.0,Put,545.0,-1,-0.42000000000001364
2024-06-28T14:00:00.0,2024-06-28T20:00:00.0,Call,551.0,-1,0.18
2024-06-28T14:00:00.0,2024-06-28T20:00:00.0,Put,539.0,1,-0.02
2024-06-28T14:00:00.0,2024-06-28T20:00:00.0,Call,555.0,1,-0.01
2024-07-02T14:00:00.0,2024-07-03T20:00:00.0,Put,541.0,-1,0.2700000000000001
2024-07-02T14:00:00.0,2024-07-03T20:00:00.0,Call,549.0,-1,-1.7099999999999864
2024-07-02T14:00:00.0,2024-07-03T20:00:00.0,Put,535.0,1,-0.05
2024-07-02T14:00:00.0,2024-07-03T20:00:00.0,Call,552.0,1,-0.039999999999999994
2024-07-05T14:00:00.0,2024-07-05T20:00:00.0,Put,550.0,-1,0.2
2024-07-05T14:00:00.0,2024-07-05T20:00:00.0,Call,555.0,-1,0.1
2024-07-05T14:00:00.0,2024-07-05T20:00:00.0,Put,544.0,1,-0.03
2024-07-05T14:00:00.0,2024-07-05T20:00:00.0,Call,559.0,1,-0.01
2024-07-09T14:00:00.0,2024-07-10T20:00:00.0,Put,553.0,-1,0.28
2024-07-09T14:00:00.0,2024-07-10T20:00:00.0,Call,560.0,-1,-0.9499999999999682
2024-07-09T14:00:00.0,2024-07-10T20:00:00.0,Put,545.0,1,-0.03
2024-07-09T14:00:00.0,2024-07-10T20:00:00.0,Call,564.0,1,-0.019999999999999997
2024-07-11T14:00:00.0,2024-07-12T20:00:00.0,Put,557.0,-1,0.34
2024-07-11T14:00:00.0,2024-07-12T20:00:00.0,Call,566.0,-1,0.36
2024-07-11T14:00:00.0,2024-07-12T20:00:00.0,Put,551.0,1,-0.08
2024-07-11T14:00:00.0,2024-07-12T20:00:00.0,Call,572.0,1,-0.03
2024-07-12T14:00:00.0,2024-07-12T20:00:00.0,Put,556.0,-1,0.19
2024-07-12T14:00:00.0,2024-07-12T20:00:00.0,Call,562.0,-1,0.14
2024-07-12T14:00:00.0,2024-07-12T20:00:00.0,Put,550.0,1,-0.03
2024-07-12T14:00:00.0,2024-07-12T20:00:00.0,Call,568.0,1,-0.01
2024-07-15T14:00:00.0,2024-07-16T20:00:00.0,Put,558.0,-1,0.45
2024-07-15T14:00:00.0,2024-07-16T20:00:00.0,Call,566.0,-1,0.34
2024-07-15T14:00:00.0,2024-07-16T20:00:00.0,Put,554.0,1,-0.15
2024-07-15T14:00:00.0,2024-07-16T20:00:00.0,Call,585.0,1,-0.01
2024-07-16T14:00:00.0,2024-07-17T20:00:00.0,Put,559.0,-1,-2.0100000000000455
2024-07-16T14:00:00.0,2024-07-17T20:00:00.0,Call,567.0,-1,0.34
2024-07-16T14:00:00.0,2024-07-17T20:00:00.0,Put,553.0,1,-0.07
2024-07-16T14:00:00.0,2024-07-17T20:00:00.0,Call,570.0,1,-0.07
2024-07-17T14:00:00.0,2024-07-18T20:00:00.0,Put,554.0,-1,-0.7700000000000136
2024-07-17T14:00:00.0,2024-07-18T20:00:00.0,Call,564.0,-1,0.42
2024-07-17T14:00:00.0,2024-07-18T20:00:00.0,Put,550.0,1,-0.13
2024-07-17T14:00:00.0,2024-07-18T20:00:00.0,Call,570.0,1,-0.04
2024-07-18T14:00:00.0,2024-07-19T20:00:00.0,Put,553.0,-1,-3.4098999999999977
2024-07-18T14:00:00.0,2024-07-19T20:00:00.0,Call,564.0,-1,0.39
2024-07-18T14:00:00.0,2024-07-19T20:00:00.0,Put,547.0,1,-0.09
2024-07-18T14:00:00.0,2024-07-19T20:00:00.0,Call,570.0,1,-0.04
2024-07-19T14:00:00.0,2024-07-19T20:00:00.0,Put,548.0,-1,0.26999999999999996
2024-07-19T14:00:00.0,2024-07-19T20:00:00.0,Call,556.0,-1,0.39
2024-07-19T14:00:00.0,2024-07-19T20:00:00.0,Put,542.0,1,-0.04
2024-07-19T14:00:00.0,2024-07-19T20:00:00.0,Call,562.0,1,-0.03
2024-07-22T14:00:00.0,2024-07-23T20:00:00.0,Put,547.0,-1,0.47
2024-07-22T14:00:00.0,2024-07-23T20:00:00.0,Call,558.0,-1,0.34
2024-07-22T14:00:00.0,2024-07-23T20:00:00.0,Put,542.0,1,-0.13
2024-07-22T14:00:00.0,2024-07-23T20:00:00.0,Call,564.0,1,-0.03
2024-07-23T14:00:00.0,2024-07-24T20:00:00.0,Put,551.0,-1,-9.109999999999978
2024-07-23T14:00:00.0,2024-07-24T20:00:00.0,Call,560.0,-1,0.42999999999999994
2024-07-23T14:00:00.0,2024-07-24T20:00:00.0,Put,545.0,1,3.5599999999999774
2024-07-23T14:00:00.0,2024-07-24T20:00:00.0,Call,565.0,1,-0.03
2024-07-24T14:00:00.0,2024-07-25T20:00:00.0,Put,541.0,-1,-2.3500000000000503
2024-07-24T14:00:00.0,2024-07-25T20:00:00.0,Call,552.0,-1,0.41
2024-07-24T14:00:00.0,2024-07-25T20:00:00.0,Put,535.0,1,-0.12
2024-07-24T14:00:00.0,2024-07-25T20:00:00.0,Call,557.0,1,-0.07
2024-07-25T14:00:00.0,2024-07-26T20:00:00.0,Put,532.0,-1,0.52
2024-07-25T14:00:00.0,2024-07-26T20:00:00.0,Call,546.0,-1,0.66
2024-07-25T14:00:00.0,2024-07-26T20:00:00.0,Put,526.0,1,-0.20000000000000004
2024-07-25T14:00:00.0,2024-07-26T20:00:00.0,Call,552.0,1,-0.15
2024-07-26T14:00:00.0,2024-07-26T20:00:00.0,Put,539.0,-1,0.39
2024-07-26T14:00:00.0,2024-07-26T20:00:00.0,Call,548.0,-1,0.25
2024-07-26T14:00:00.0,2024-07-26T20:00:00.0,Put,533.0,1,-0.06
2024-07-26T14:00:00.0,2024-07-26T20:00:00.0,Call,554.0,1,-0.02
2024-07-29T14:00:00.0,2024-07-30T20:00:00.0,Put,541.0,-1,0.48000000000003185
2024-07-29T14:00:00.0,2024-07-30T20:00:00.0,Call,553.0,-1,0.37
2024-07-29T14:00:00.0,2024-07-30T20:00:00.0,Put,535.0,1,-0.15
2024-07-29T14:00:00.0,2024-07-30T20:00:00.0,Call,558.0,1,-0.05
2024-07-31T14:00:00.0,2024-08-01T20:00:00.0,Put,540.0,-1,0.67
2024-07-31T14:00:00.0,2024-08-01T20:00:00.0,Call,557.0,-1,0.5
2024-07-31T14:00:00.0,2024-08-01T20:00:00.0,Put,532.0,1,-0.12
2024-07-31T14:00:00.0,2024-08-01T20:00:00.0,Call,565.0,1,-0.04
2024-08-01T14:00:00.0,2024-08-02T20:00:00.0,Put,546.0,-1,-12.56000000000001
2024-08-01T14:00:00.0,2024-08-02T20:00:00.0,Call,560.0,-1,0.61
2024-08-01T14:00:00.0,2024-08-02T20:00:00.0,Put,540.0,1,7.060000000000009
2024-08-01T14:00:00.0,2024-08-02T20:00:00.0,Call,565.0,1,-0.11
2024-08-02T14:00:00.0,2024-08-02T20:00:00.0,Put,528.0,-1,0.62
2024-08-02T14:00:00.0,2024-08-02T20:00:00.0,Call,541.0,-1,0.51
2024-08-02T14:00:00.0,2024-08-02T20:00:00.0,Put,522.0,1,-0.17
2024-08-02T14:00:00.0,2024-08-02T20:00:00.0,Call,547.0,1,-0.11
2024-08-05T14:00:00.0,2024-08-06T20:00:00.0,Put,500.0,-1,1.69
2024-08-05T14:00:00.0,2024-08-06T20:00:00.0,Call,532.0,-1,0.86
2024-08-05T14:00:00.0,2024-08-06T20:00:00.0,Put,478.0,1,-1.01
2024-08-05T14:00:00.0,2024-08-06T20:00:00.0,Call,551.0,1,-0.07
2024-08-06T14:00:00.0,2024-08-07T20:00:00.0,Put,510.0,-1,1.06
2024-08-06T14:00:00.0,2024-08-07T20:00:00.0,Call,532.0,-1,0.71
2024-08-06T14:00:00.0,2024-08-07T20:00:00.0,Put,504.0,1,-0.48
2024-08-06T14:00:00.0,2024-08-07T20:00:00.0,Call,536.0,1,-0.3
2024-08-07T14:00:00.0,2024-08-08T20:00:00.0,Put,522.0,-1,0.87
2024-08-07T14:00:00.0,2024-08-08T20:00:00.0,Call,539.0,-1,0.56
2024-08-07T14:00:00.0,2024-08-08T20:00:00.0,Put,516.0,1,-0.38
2024-08-07T14:00:00.0,2024-08-08T20:00:00.0,Call,545.0,1,-0.08
2024-08-08T14:00:00.0,2024-08-09T20:00:00.0,Put,514.0,-1,1.02
2024-08-08T14:00:00.0,2024-08-09T20:00:00.0,Call,535.0,-1,0.6400000000000001
2024-08-08T14:00:00.0,2024-08-09T20:00:00.0,Put,508.0,1,-0.5
2024-08-08T14:00:00.0,2024-08-09T20:00:00.0,Call,540.0,1,-0.17
2024-08-09T14:00:00.0,2024-08-09T20:00:00.0,Put,522.0,-1,0.57
2024-08-09T14:00:00.0,2024-08-09T20:00:00.0,Call,535.0,-1,0.4
2024-08-09T14:00:00.0,2024-08-09T20:00:00.0,Put,516.0,1,-0.14
2024-08-09T14:00:00.0,2024-08-09T20:00:00.0,Call,541.0,1,-0.04
2024-08-12T14:00:00.0,2024-08-13T20:00:00.0,Put,523.0,-1,0.65
2024-08-12T14:00:00.0,2024-08-13T20:00:00.0,Call,538.0,-1,-3.1900000000000093
2024-08-12T14:00:00.0,2024-08-13T20:00:00.0,Put,517.0,1,-0.2
2024-08-12T14:00:00.0,2024-08-13T20:00:00.0,Call,544.0,1,-0.04
2024-08-13T14:00:00.0,2024-08-14T20:00:00.0,Put,529.0,-1,0.84
2024-08-13T14:00:00.0,2024-08-14T20:00:00.0,Call,544.0,-1,0.59
2024-08-13T14:00:00.0,2024-08-14T20:00:00.0,Put,522.0,1,-0.24
2024-08-13T14:00:00.0,2024-08-14T20:00:00.0,Call,551.0,1,-0.03
2024-08-14T14:00:00.0,2024-08-15T20:00:00.0,Put,533.0,-1,0.61
2024-08-14T14:00:00.0,2024-08-15T20:00:00.0,Call,548.0,-1,-4.589999999999982
2024-08-14T14:00:00.0,2024-08-15T20:00:00.0,Put,527.0,1,-0.24
2024-08-14T14:00:00.0,2024-08-15T20:00:00.0,Call,551.0,1,1.869999999999982
2024-08-15T14:00:00.0,2024-08-16T20:00:00.0,Put,543.0,-1,0.48000000000000004
2024-08-15T14:00:00.0,2024-08-16T20:00:00.0,Call,555.0,-1,0.46
2024-08-15T14:00:00.0,2024-08-16T20:00:00.0,Put,537.0,1,-0.17
2024-08-15T14:00:00.0,2024-08-16T20:00:00.0,Call,560.0,1,-0.08
2024-08-16T14:00:00.0,2024-08-16T20:00:00.0,Put,549.0,-1,0.39
2024-08-16T14:00:00.0,2024-08-16T20:00:00.0,Call,556.0,-1,0.3
2024-08-16T14:00:00.0,2024-08-16T20:00:00.0,Put,543.0,1,-0.08
2024-08-16T14:00:00.0,2024-08-16T20:00:00.0,Call,562.0,1,-0.01
2024-08-19T14:00:00.0,2024-08-20T20:00:00.0,Put,550.0,-1,0.35000000000000003
2024-08-19T14:00:00.0,2024-08-20T20:00:00.0,Call,559.0,-1,0.34
2024-08-19T14:00:00.0,2024-08-20T20:00:00.0,Put,545.0,1,-0.11
2024-08-19T14:00:00.0,2024-08-20T20:00:00.0,Call,565.0,1,-0.03
2024-08-20T14:00:00.0,2024-08-21T20:00:00.0,Put,556.0,-1,0.48
2024-08-20T14:00:00.0,2024-08-21T20:00:00.0,Call,565.0,-1,0.26
2024-08-20T14:00:00.0,2024-08-21T20:00:00.0,Put,550.0,1,-0.11
2024-08-20T14:00:00.0,2024-08-21T20:00:00.0,Call,570.0,1,-0.02
2024-08-21T14:00:00.0,2024-08-22T20:00:00.0,Put,555.0,-1,0.55
2024-08-21T14:00:00.0,2024-08-22T20:00:00.0,Call,565.0,-1,0.43
2024-08-21T14:00:00.0,2024-08-22T20:00:00.0,Put,549.0,1,-0.15
2024-08-21T14:00:00.0,2024-08-22T20:00:00.0,Call,570.0,1,-0.03
2024-08-22T14:00:00.0,2024-08-23T20:00:00.0,Put,555.0,-1,0.5
2024-08-22T14:00:00.0,2024-08-23T20:00:00.0,Call,568.0,-1,0.43
2024-08-22T14:00:00.0,2024-08-23T20:00:00.0,Put,547.0,1,-0.08
2024-08-22T14:00:00.0,2024-08-23T20:00:00.0,Call,571.0,1,-0.09999999999999999
2024-08-23T14:00:00.0,2024-08-23T20:00:00.0,Put,556.0,-1,0.47
2024-08-23T14:00:00.0,2024-08-23T20:00:00.0,Call,565.0,-1,0.29
2024-08-23T14:00:00.0,2024-08-23T20:00:00.0,Put,550.0,1,-0.13
2024-08-23T14:00:00.0,2024-08-23T20:00:00.0,Call,571.0,1,-0.02
2024-08-26T14:00:00.0,2024-08-27T20:00:00.0,Put,558.0,-1,0.4
2024-08-26T14:00:00.0,2024-08-27T20:00:00.0,Call,567.0,-1,0.36
2024-08-26T14:00:00.0,2024-08-27T20:00:00.0,Put,552.0,1,-0.07
2024-08-26T14:00:00.0,2024-08-27T20:00:00.0,Call,570.0,1,-0.07
2024-08-27T14:00:00.0,2024-08-28T20:00:00.0,Put,553.0,-1,0.53
2024-08-27T14:00:00.0,2024-08-28T20:00:00.0,Call,566.0,-1,0.5499999999999999
2024-08-27T14:00:00.0,2024-08-28T20:00:00.0,Put,549.0,1,-0.19
2024-08-27T14:00:00.0,2024-08-28T20:00:00.0,Call,572.0,1,-0.05
2024-08-28T14:00:00.0,2024-08-29T20:00:00.0,Put,554.0,-1,0.5
2024-08-28T14:00:00.0,2024-08-29T20:00:00.0,Call,567.0,-1,0.52
2024-08-28T14:00:00.0,2024-08-29T20:00:00.0,Put,540.0,1,-0.01
2024-08-28T14:00:00.0,2024-08-29T20:00:00.0,Call,572.0,1,-0.09
2024-08-29T14:00:00.0,2024-08-30T20:00:00.0,Put,556.0,-1,0.47
2024-08-29T14:00:00.0,2024-08-30T20:00:00.0,Call,567.0,-1,0.36
2024-08-29T14:00:00.0,2024-08-30T20:00:00.0,Put,550.0,1,-0.12
2024-08-29T14:00:00.0,2024-08-30T20:00:00.0,Call,573.0,1,-0.02
2024-08-30T14:00:00.0,2024-08-30T20:00:00.0,Put,558.0,-1,0.25
2024-08-30T14:00:00.0,2024-08-30T20:00:00.0,Call,565.0,-1,0.24
2024-08-30T14:00:00.0,2024-08-30T20:00:00.0,Put,552.0,1,-0.039999999999999994
2024-08-30T14:00:00.0,2024-08-30T20:00:00.0,Call,570.0,1,-0.009999999999999998
2024-09-03T14:00:00.0,2024-09-04T20:00:00.0,Put,552.0,-1,-0.8600000000000545
2024-09-03T14:00:00.0,2024-09-04T20:00:00.0,Call,564.0,-1,0.38
2024-09-03T14:00:00.0,2024-09-04T20:00:00.0,Put,546.0,1,-0.09
2024-09-03T14:00:00.0,2024-09-04T20:00:00.0,Call,570.0,1,-0.02
2024-09-04T14:00:00.0,2024-09-05T20:00:00.0,Put,543.0,-1,0.53
2024-09-04T14:00:00.0,2024-09-05T20:00:00.0,Call,557.0,-1,0.31
2024-09-04T14:00:00.0,2024-09-05T20:00:00.0,Put,537.0,1,-0.24
2024-09-04T14:00:00.0,2024-09-05T20:00:00.0,Call,563.0,1,-0.1
2024-09-05T14:00:00.0,2024-09-06T20:00:00.0,Put,544.0,-1,-3.3699999999999957
2024-09-05T14:00:00.0,2024-09-06T20:00:00.0,Call,561.0,-1,0.48
2024-09-05T14:00:00.0,2024-09-06T20:00:00.0,Put,538.0,1,-0.18
2024-09-05T14:00:00.0,2024-09-06T20:00:00.0,Call,565.0,1,-0.15
2024-09-06T14:00:00.0,2024-09-06T20:00:00.0,Put,542.0,-1,-1.5999999999999954
2024-09-06T14:00:00.0,2024-09-06T20:00:00.0,Call,552.5,-1,0.41
2024-09-06T14:00:00.0,2024-09-06T20:00:00.0,Put,536.0,1,-0.14
2024-09-06T14:00:00.0,2024-09-06T20:00:00.0,Call,558.0,1,-0.05
2024-09-09T14:00:00.0,2024-09-10T20:00:00.0,Put,538.0,-1,0.63
2024-09-09T14:00:00.0,2024-09-10T20:00:00.0,Call,551.0,-1,0.55
2024-09-09T14:00:00.0,2024-09-10T20:00:00.0,Put,532.0,1,-0.18
2024-09-09T14:00:00.0,2024-09-10T20:00:00.0,Call,557.0,1,-0.04
2024-09-10T14:00:00.0,2024-09-11T20:00:00.0,Put,540.0,-1,0.61
2024-09-10T14:00:00.0,2024-09-11T20:00:00.0,Call,554.0,-1,0.3699999999999727
2024-09-10T14:00:00.0,2024-09-11T20:00:00.0,Put,535.0,1,-0.17
2024-09-10T14:00:00.0,2024-09-11T20:00:00.0,Call,560.0,1,-0.05
2024-09-11T14:00:00.0,2024-09-12T20:00:00.0,Put,536.0,-1,0.54
2024-09-11T14:00:00.0,2024-09-12T20:00:00.0,Call,551.0,-1,-7.210000000000036
2024-09-11T14:00:00.0,2024-09-12T20:00:00.0,Put,530.0,1,-0.18
2024-09-11T14:00:00.0,2024-09-12T20:00:00.0,Call,557.0,1,1.6400000000000363
2024-09-12T14:00:00.0,2024-09-13T20:00:00.0,Put,546.0,-1,0.72
2024-09-12T14:00:00.0,2024-09-13T20:00:00.0,Call,560.0,-1,-1.4099999999999864
2024-09-12T14:00:00.0,2024-09-13T20:00:00.0,Put,540.0,1,-0.27
2024-09-12T14:00:00.0,2024-09-13T20:00:00.0,Call,565.0,1,-0.1
2024-09-13T14:00:00.0,2024-09-13T20:00:00.0,Put,556.0,-1,0.28
2024-09-13T14:00:00.0,2024-09-13T20:00:00.0,Call,565.0,-1,0.14
2024-09-13T14:00:00.0,2024-09-13T20:00:00.0,Put,550.0,1,-0.1
2024-09-13T14:00:00.0,2024-09-13T20:00:00.0,Call,570.0,1,-0.01
2024-09-16T14:00:00.0,2024-09-17T20:00:00.0,Put,557.0,-1,0.58
2024-09-16T14:00:00.0,2024-09-17T20:00:00.0,Call,567.0,-1,0.43
2024-09-16T14:00:00.0,2024-09-17T20:00:00.0,Put,551.0,1,-0.17
2024-09-16T14:00:00.0,2024-09-17T20:00:00.0,Call,571.0,1,-0.06
2024-09-17T14:00:00.0,2024-09-18T20:00:00.0,Put,556.0,-1,0.71
2024-09-17T14:00:00.0,2024-09-18T20:00:00.0,Call,572.0,-1,0.48
2024-09-17T14:00:00.0,2024-09-18T20:00:00.0,Put,550.0,1,-0.22
2024-09-17T14:00:00.0,2024-09-18T20:00:00.0,Call,578.0,1,-0.06
2024-09-18T14:00:00.0,2024-09-19T20:00:00.0,Put,554.0,-1,1.01
2024-09-18T14:00:00.0,2024-09-19T20:00:00.0,Call,572.0,-1,0.57
2024-09-18T14:00:00.0,2024-09-19T20:00:00.0,Put,547.0,1,-0.33
2024-09-18T14:00:00.0,2024-09-19T20:00:00.0,Call,579.0,1,-0.08
2024-09-19T14:00:00.0,2024-09-20T20:00:00.0,Put,561.0,-1,0.69
2024-09-19T14:00:00.0,2024-09-20T20:00:00.0,Call,575.0,-1,0.34
2024-09-19T14:00:00.0,2024-09-20T20:00:00.0,Put,555.0,1,-0.33
2024-09-19T14:00:00.0,2024-09-20T20:00:00.0,Call,581.0,1,-0.05
2024-09-20T14:00:00.0,2024-09-20T20:00:00.0,Put,562.0,-1,0.2800000000000001
2024-09-20T14:00:00.0,2024-09-20T20:00:00.0,Call,570.0,-1,0.35
2024-09-20T14:00:00.0,2024-09-20T20:00:00.0,Put,556.0,1,-0.05000000000000001
2024-09-20T14:00:00.0,2024-09-20T20:00:00.0,Call,576.0,1,-0.02
2024-09-23T14:00:00.0,2024-09-24T20:00:00.0,Put,564.0,-1,0.48
2024-09-23T14:00:00.0,2024-09-24T20:00:00.0,Call,573.0,-1,0.27
2024-09-23T14:00:00.0,2024-09-24T20:00:00.0,Put,559.0,1,-0.14
2024-09-23T14:00:00.0,2024-09-24T20:00:00.0,Call,580.0,1,-0.01
2024-09-24T14:00:00.0,2024-09-25T20:00:00.0,Put,564.0,-1,0.35
2024-09-24T14:00:00.0,2024-09-25T20:00:00.0,Call,573.0,-1,0.24
2024-09-24T14:00:00.0,2024-09-25T20:00:00.0,Put,558.0,1,-0.1
2024-09-24T14:00:00.0,2024-09-25T20:00:00.0,Call,579.0,1,-0.010000000000000002
2024-09-25T14:00:00.0,2024-09-26T20:00:00.0,Put,567.0,-1,0.37
2024-09-25T14:00:00.0,2024-09-26T20:00:00.0,Call,575.0,-1,0.3
2024-09-25T14:00:00.0,2024-09-26T20:00:00.0,Put,561.0,1,-0.08
2024-09-25T14:00:00.0,2024-09-26T20:00:00.0,Call,579.0,1,-0.02
2024-09-26T14:00:00.0,2024-09-27T20:00:00.0,Put,569.0,-1,0.34
2024-09-26T14:00:00.0,2024-09-27T20:00:00.0,Call,578.0,-1,0.28
2024-09-26T14:00:00.0,2024-09-27T20:00:00.0,Put,563.0,1,-0.11
2024-09-26T14:00:00.0,2024-09-27T20:00:00.0,Call,581.0,1,-0.07999999999999999
2024-09-27T14:00:00.0,2024-09-27T20:00:00.0,Put,570.0,-1,0.21
2024-09-27T14:00:00.0,2024-09-27T20:00:00.0,Call,576.0,-1,0.09
2024-09-27T14:00:00.0,2024-09-27T20:00:00.0,Put,564.0,1,-0.04
2024-09-27T14:00:00.0,2024-09-27T20:00:00.0,Call,581.0,1,-0.01
2024-09-30T14:00:00.0,2024-10-01T20:00:00.0,Put,565.0,-1,0.61
2024-09-30T14:00:00.0,2024-10-01T20:00:00.0,Call,576.0,-1,0.3
2024-09-30T14:00:00.0,2024-10-01T20:00:00.0,Put,559.0,1,-0.14
2024-09-30T14:00:00.0,2024-10-01T20:00:00.0,Call,582.0,1,-0.019999999999999997
2024-10-01T14:00:00.0,2024-10-02T20:00:00.0,Put,562.0,-1,0.56
2024-10-01T14:00:00.0,2024-10-02T20:00:00.0,Call,575.0,-1,0.47000000000000003
2024-10-01T14:00:00.0,2024-10-02T20:00:00.0,Put,556.0,1,-0.25
2024-10-01T14:00:00.0,2024-10-02T20:00:00.0,Call,580.0,1,-0.07
2024-10-02T14:00:00.0,2024-10-03T20:00:00.0,Put,560.0,-1,0.62
2024-10-02T14:00:00.0,2024-10-03T20:00:00.0,Call,573.0,-1,0.48
2024-10-02T14:00:00.0,2024-10-03T20:00:00.0,Put,554.0,1,-0.19
2024-10-02T14:00:00.0,2024-10-03T20:00:00.0,Call,577.0,1,-0.1
2024-10-03T14:00:00.0,2024-10-04T20:00:00.0,Put,560.0,-1,0.68
2024-10-03T14:00:00.0,2024-10-04T20:00:00.0,Call,576.0,-1,0.47
2024-10-03T14:00:00.0,2024-10-04T20:00:00.0,Put,554.0,1,-0.16
2024-10-03T14:00:00.0,2024-10-04T20:00:00.0,Call,583.0,1,-0.01
2024-10-04T14:00:00.0,2024-10-04T20:00:00.0,Put,565.0,-1,0.42
2024-10-04T14:00:00.0,2024-10-04T20:00:00.0,Call,574.0,-1,0.32
2024-10-04T14:00:00.0,2024-10-04T20:00:00.0,Put,559.0,1,-0.09
2024-10-04T14:00:00.0,2024-10-04T20:00:00.0,Call,580.0,1,-0.02
2024-10-07T14:00:00.0,2024-10-08T20:00:00.0,Put,565.0,-1,0.57
2024-10-07T14:00:00.0,2024-10-08T20:00:00.0,Call,576.0,-1,0.33
2024-10-07T14:00:00.0,2024-10-08T20:00:00.0,Put,560.0,1,-0.21999999999999997
2024-10-07T14:00:00.0,2024-10-08T20:00:00.0,Call,584.0,1,-0.01
2024-10-08T14:00:00.0,2024-10-09T20:00:00.0,Put,565.0,-1,0.52
2024-10-08T14:00:00.0,2024-10-09T20:00:00.0,Call,576.0,-1,-0.6799999999999591
2024-10-08T14:00:00.0,2024-10-09T20:00:00.0,Put,559.0,1,-0.16
2024-10-08T14:00:00.0,2024-10-09T20:00:00.0,Call,581.0,1,-0.02
2024-10-10T14:00:00.0,2024-10-11T20:00:00.0,Put,570.0,-1,0.57
2024-10-10T14:00:00.0,2024-10-11T20:00:00.0,Call,581.0,-1,0.33
2024-10-10T14:00:00.0,2024-10-11T20:00:00.0,Put,564.0,1,-0.17
2024-10-10T14:00:00.0,2024-10-11T20:00:00.0,Call,585.0,1,-0.05
2024-10-11T14:00:00.0,2024-10-11T20:00:00.0,Put,574.0,-1,0.29
2024-10-11T14:00:00.0,2024-10-11T20:00:00.0,Call,580.0,-1,0.14
2024-10-11T14:00:00.0,2024-10-11T20:00:00.0,Put,568.0,1,-0.04
2024-10-11T14:00:00.0,2024-10-11T20:00:00.0,Call,584.0,1,-0.01
2024-10-14T14:00:00.0,2024-10-15T20:00:00.0,Put,579.0,-1,0.46
2024-10-14T14:00:00.0,2024-10-15T20:00:00.0,Call,587.0,-1,0.27
2024-10-14T14:00:00.0,2024-10-15T20:00:00.0,Put,573.0,1,-0.13
2024-10-14T14:00:00.0,2024-10-15T20:00:00.0,Call,592.0,1,-0.02
2024-10-16T14:00:00.0,2024-10-17T20:00:00.0,Put,574.0,-1,0.45
2024-10-16T14:00:00.0,2024-10-17T20:00:00.0,Call,584.0,-1,0.32
2024-10-16T14:00:00.0,2024-10-17T20:00:00.0,Put,571.0,1,-0.21
2024-10-16T14:00:00.0,2024-10-17T20:00:00.0,Call,590.0,1,-0.02
2024-10-17T14:00:00.0,2024-10-18T20:00:00.0,Put,579.0,-1,0.49
2024-10-17T14:00:00.0,2024-10-18T20:00:00.0,Call,589.0,-1,0.35
2024-10-17T14:00:00.0,2024-10-18T20:00:00.0,Put,574.0,1,-0.18
2024-10-17T14:00:00.0,2024-10-18T20:00:00.0,Call,595.0,1,-0.03
2024-10-18T14:00:00.0,2024-10-18T20:00:00.0,Put,580.0,-1,0.19
2024-10-18T14:00:00.0,2024-10-18T20:00:00.0,Call,586.0,-1,0.14
2024-10-18T14:00:00.0,2024-10-18T20:00:00.0,Put,574.0,1,-0.03
2024-10-18T14:00:00.0,2024-10-18T20:00:00.0,Call,592.0,1,-0.01
2024-10-21T14:00:00.0,2024-10-22T20:00:00.0,Put,580.0,-1,0.38
2024-10-21T14:00:00.0,2024-10-22T20:00:00.0,Call,588.0,-1,0.21
2024-10-21T14:00:00.0,2024-10-22T20:00:00.0,Put,575.0,1,-0.09
2024-10-21T14:00:00.0,2024-10-22T20:00:00.0,Call,595.0,1,-0.01
2024-10-23T14:00:00.0,2024-10-24T20:00:00.0,Put,576.0,-1,0.32
2024-10-23T14:00:00.0,2024-10-24T20:00:00.0,Call,585.0,-1,0.39
2024-10-23T14:00:00.0,2024-10-24T20:00:00.0,Put,570.0,1,-0.07
2024-10-23T14:00:00.0,2024-10-24T20:00:00.0,Call,590.0,1,-0.02
2024-10-24T14:00:00.0,2024-10-25T20:00:00.0,Put,574.0,-1,0.52
2024-10-24T14:00:00.0,2024-10-25T20:00:00.0,Call,584.0,-1,0.38000000000000006
2024-10-24T14:00:00.0,2024-10-25T20:00:00.0,Put,569.0,1,-0.18
2024-10-24T14:00:00.0,2024-10-25T20:00:00.0,Call,590.0,1,-0.03
2024-10-25T14:00:00.0,2024-10-25T20:00:00.0,Put,580.0,-1,-0.7600000000000364
2024-10-25T14:00:00.0,2024-10-25T20:00:00.0,Call,586.0,-1,0.15
2024-10-25T14:00:00.0,2024-10-25T20:00:00.0,Put,574.0,1,-0.04
2024-10-25T14:00:00.0,2024-10-25T20:00:00.0,Call,590.0,1,-0.01
2024-10-28T14:00:00.0,2024-10-29T20:00:00.0,Put,576.0,-1,0.52
2024-10-28T14:00:00.0,2024-10-29T20:00:00.0,Call,586.0,-1,0.38
2024-10-28T14:00:00.0,2024-10-29T20:00:00.0,Put,569.0,1,-0.12
2024-10-28T14:00:00.0,2024-10-29T20:00:00.0,Call,590.0,1,-0.04
2024-10-29T14:00:00.0,2024-10-30T20:00:00.0,Put,574.0,-1,0.55
2024-10-29T14:00:00.0,2024-10-30T20:00:00.0,Call,585.0,-1,0.36
2024-10-29T14:00:00.0,2024-10-30T20:00:00.0,Put,568.0,1,-0.15
2024-10-29T14:00:00.0,2024-10-30T20:00:00.0,Call,590.0,1,-0.04
2024-10-30T14:00:00.0,2024-10-31T20:00:00.0,Put,575.0,-1,-5.2499999999999725
2024-10-30T14:00:00.0,2024-10-31T20:00:00.0,Call,587.0,-1,0.44
2024-10-30T14:00:00.0,2024-10-31T20:00:00.0,Put,569.0,1,-0.15
2024-10-30T14:00:00.0,2024-10-31T20:00:00.0,Call,591.0,1,-0.09
2024-10-31T14:00:00.0,2024-11-01T20:00:00.0,Put,566.0,-1,0.59
2024-10-31T14:00:00.0,2024-11-01T20:00:00.0,Call,581.0,-1,0.54
2024-10-31T14:00:00.0,2024-11-01T20:00:00.0,Put,560.0,1,-0.13
2024-10-31T14:00:00.0,2024-11-01T20:00:00.0,Call,586.0,1,-0.1
2024-11-01T14:00:00.0,2024-11-01T20:00:00.0,Put,569.0,-1,0.28
2024-11-01T14:00:00.0,2024-11-01T20:00:00.0,Call,576.0,-1,0.28
2024-11-01T14:00:00.0,2024-11-01T20:00:00.0,Put,563.0,1,-0.05
2024-11-01T14:00:00.0,2024-11-01T20:00:00.0,Call,582.0,1,-0.020000000000000004
2024-11-04T15:00:00.0,2024-11-05T21:00:00.0,Put,565.0,-1,0.53
2024-11-04T15:00:00.0,2024-11-05T21:00:00.0,Call,577.0,-1,0.35
2024-11-04T15:00:00.0,2024-11-05T21:00:00.0,Put,559.0,1,-0.19
2024-11-04T15:00:00.0,2024-11-05T21:00:00.0,Call,583.0,1,-0.03
2024-11-05T15:00:00.0,2024-11-06T21:00:00.0,Put,562.0,-1,1.09
2024-11-05T15:00:00.0,2024-11-06T21:00:00.0,Call,584.0,-1,-6.540000000000009
2024-11-05T15:00:00.0,2024-11-06T21:00:00.0,Put,555.0,1,-0.4
2024-11-05T15:00:00.0,2024-11-06T21:00:00.0,Call,591.0,1,0.1300000000000091
2024-11-06T15:00:00.0,2024-11-07T21:00:00.0,Put,578.0,-1,0.73
2024-11-06T15:00:00.0,2024-11-07T21:00:00.0,Call,593.0,-1,-1.939899999999998
2024-11-06T15:00:00.0,2024-11-07T21:00:00.0,Put,572.0,1,-0.27
2024-11-06T15:00:00.0,2024-11-07T21:00:00.0,Call,599.0,1,-0.08
2024-11-07T15:00:00.0,2024-11-08T21:00:00.0,Put,588.0,-1,0.56
2024-11-07T15:00:00.0,2024-11-08T21:00:00.0,Call,600.0,-1,0.38
2024-11-07T15:00:00.0,2024-11-08T21:00:00.0,Put,582.0,1,-0.2
2024-11-07T15:00:00.0,2024-11-08T21:00:00.0,Call,605.0,1,-0.05
2024-11-08T15:00:00.0,2024-11-08T21:00:00.0,Put,594.0,-1,0.18
2024-11-08T15:00:00.0,2024-11-08T21:00:00.0,Call,600.0,-1,0.14
2024-11-08T15:00:00.0,2024-11-08T21:00:00.0,Put,588.0,1,-0.04000000000000001
2024-11-08T15:00:00.0,2024-11-08T21:00:00.0,Call,605.0,1,-0.010000000000000002
2024-11-11T15:00:00.0,2024-11-12T21:00:00.0,Put,594.0,-1,0.43
2024-11-11T15:00:00.0,2024-11-12T21:00:00.0,Call,603.0,-1,0.32
2024-11-11T15:00:00.0,2024-11-12T21:00:00.0,Put,585.0,1,-0.08
2024-11-11T15:00:00.0,2024-11-12T21:00:00.0,Call,607.0,1,-0.04
2024-11-12T15:00:00.0,2024-11-13T21:00:00.0,Put,593.0,-1,0.3499999999999999
2024-11-12T15:00:00.0,2024-11-13T21:00:00.0,Call,603.0,-1,0.4
2024-11-12T15:00:00.0,2024-11-13T21:00:00.0,Put,585.0,1,-0.05
2024-11-12T15:00:00.0,2024-11-13T21:00:00.0,Call,608.0,1,-0.03
2024-11-13T15:00:00.0,2024-11-14T21:00:00.0,Put,592.0,-1,0.37
2024-11-13T15:00:00.0,2024-11-14T21:00:00.0,Call,601.0,-1,0.34
2024-11-13T15:00:00.0,2024-11-14T21:00:00.0,Put,586.0,1,-0.08
2024-11-13T15:00:00.0,2024-11-14T21:00:00.0,Call,605.0,1,-0.04
2024-11-14T15:00:00.0,2024-11-15T21:00:00.0,Put,591.0,-1,-4.250000000000054
2024-11-14T15:00:00.0,2024-11-15T21:00:00.0,Call,601.0,-1,0.34
2024-11-14T15:00:00.0,2024-11-15T21:00:00.0,Put,585.0,1,-0.11
2024-11-14T15:00:00.0,2024-11-15T21:00:00.0,Call,605.0,1,-0.06
2024-11-15T15:00:00.0,2024-11-15T21:00:00.0,Put,585.0,-1,0.25
2024-11-15T15:00:00.0,2024-11-15T21:00:00.0,Call,592.0,-1,0.2
2024-11-15T15:00:00.0,2024-11-15T21:00:00.0,Put,579.0,1,-0.04
2024-11-15T15:00:00.0,2024-11-15T21:00:00.0,Call,597.0,1,-0.02
2024-11-18T15:00:00.0,2024-11-19T21:00:00.0,Put,580.0,-1,0.41
2024-11-18T15:00:00.0,2024-11-19T21:00:00.0,Call,590.0,-1,-0.26999999999995
2024-11-18T15:00:00.0,2024-11-19T21:00:00.0,Put,575.0,1,-0.13
2024-11-18T15:00:00.0,2024-11-19T21:00:00.0,Call,597.0,1,-0.02
2024-11-19T15:00:00.0,2024-11-20T21:00:00.0,Put,577.0,-1,0.63
2024-11-19T15:00:00.0,2024-11-20T21:00:00.0,Call,592.0,-1,0.52
2024-11-19T15:00:00.0,2024-11-20T21:00:00.0,Put,571.0,1,-0.19
2024-11-19T15:00:00.0,2024-11-20T21:00:00.0,Call,597.0,1,-0.1
2024-11-20T15:00:00.0,2024-11-21T21:00:00.0,Put,580.0,-1,0.63
2024-11-20T15:00:00.0,2024-11-21T21:00:00.0,Call,595.0,-1,0.46
2024-11-20T15:00:00.0,2024-11-21T21:00:00.0,Put,573.0,1,-0.11
2024-11-20T15:00:00.0,2024-11-21T21:00:00.0,Call,600.0,1,-0.07
2024-11-21T15:00:00.0,2024-11-22T21:00:00.0,Put,582.0,-1,0.5
2024-11-21T15:00:00.0,2024-11-22T21:00:00.0,Call,596.0,-1,0.51
2024-11-21T15:00:00.0,2024-11-22T21:00:00.0,Put,576.0,1,-0.15999999999999998
2024-11-21T15:00:00.0,2024-11-22T21:00:00.0,Call,602.0,1,-0.06
2024-11-22T15:00:00.0,2024-11-22T21:00:00.0,Put,592.0,-1,0.31
2024-11-22T15:00:00.0,2024-11-22T21:00:00.0,Call,598.0,-1,0.29
2024-11-22T15:00:00.0,2024-11-22T21:00:00.0,Put,586.0,1,-0.060000000000000005
2024-11-22T15:00:00.0,2024-11-22T21:00:00.0,Call,603.0,1,-0.01
2024-11-25T15:00:00.0,2024-11-26T21:00:00.0,Put,594.0,-1,0.34
2024-11-25T15:00:00.0,2024-11-26T21:00:00.0,Call,603.0,-1,0.28
2024-11-25T15:00:00.0,2024-11-26T21:00:00.0,Put,589.0,1,-0.12
2024-11-25T15:00:00.0,2024-11-26T21:00:00.0,Call,609.0,1,-0.02
2024-11-26T15:00:00.0,2024-11-27T21:00:00.0,Put,594.0,-1,0.27
2024-11-26T15:00:00.0,2024-11-27T21:00:00.0,Call,603.0,-1,0.18999999999999997
2024-11-26T15:00:00.0,2024-11-27T21:00:00.0,Put,588.0,1,-0.08
2024-11-26T15:00:00.0,2024-11-27T21:00:00.0,Call,606.0,1,-0.04
2024-11-27T15:00:00.0,2024-11-27T21:00:00.0,Put,597.0,-1,0.17
2024-11-27T15:00:00.0,2024-11-27T21:00:00.0,Call,603.0,-1,0.11000000000000001
2024-11-27T15:00:00.0,2024-11-27T21:00:00.0,Put,591.0,1,-0.03
2024-11-27T15:00:00.0,2024-11-27T21:00:00.0,Call,607.0,1,-0.01
2024-11-29T15:00:00.0,2024-11-29T21:00:00.0,Put,599.0,-1,0.19
2024-11-29T15:00:00.0,2024-11-29T21:00:00.0,Call,603.0,-1,0.06
2024-11-29T15:00:00.0,2024-11-29T21:00:00.0,Put,593.0,1,-0.03
2024-11-29T15:00:00.0,2024-11-29T21:00:00.0,Call,606.0,1,-0.01
2024-12-02T15:00:00.0,2024-12-03T21:00:00.0,Put,599.0,-1,0.36
2024-12-02T15:00:00.0,2024-12-03T21:00:00.0,Call,607.0,-1,0.17
2024-12-02T15:00:00.0,2024-12-03T21:00:00.0,Put,593.0,1,-0.06
2024-12-02T15:00:00.0,2024-12-03T21:00:00.0,Call,610.0,1,-0.03
2024-12-03T15:00:00.0,2024-12-04T21:00:00.0,Put,599.0,-1,0.32
2024-12-03T15:00:00.0,2024-12-04T21:00:00.0,Call,607.0,-1,-0.14000000000000454
2024-12-03T15:00:00.0,2024-12-04T21:00:00.0,Put,593.0,1,-0.06
2024-12-03T15:00:00.0,2024-12-04T21:00:00.0,Call,610.0,1,-0.03
2024-12-04T15:00:00.0,2024-12-05T21:00:00.0,Put,602.0,-1,0.35
2024-12-04T15:00:00.0,2024-12-05T21:00:00.0,Call,609.0,-1,0.16
2024-12-04T15:00:00.0,2024-12-05T21:00:00.0,Put,591.0,1,-0.03
2024-12-04T15:00:00.0,2024-12-05T21:00:00.0,Call,611.0,1,-0.05
2024-12-05T15:00:00.0,2024-12-06T21:00:00.0,Put,604.0,-1,0.41
2024-12-05T15:00:00.0,2024-12-06T21:00:00.0,Call,612.0,-1,0.23
2024-12-05T15:00:00.0,2024-12-06T21:00:00.0,Put,598.0,1,-0.08
2024-12-05T15:00:00.0,2024-12-06T21:00:00.0,Call,615.0,1,-0.04
2024-12-06T15:00:00.0,2024-12-06T21:00:00.0,Put,606.0,-1,0.15
2024-12-06T15:00:00.0,2024-12-06T21:00:00.0,Call,611.0,-1,0.08
2024-12-06T15:00:00.0,2024-12-06T21:00:00.0,Put,600.0,1,-0.03
2024-12-06T15:00:00.0,2024-12-06T21:00:00.0,Call,614.0,1,-0.01
2024-12-09T15:00:00.0,2024-12-10T21:00:00.0,Put,604.0,-1,-0.8200000000000409
2024-12-09T15:00:00.0,2024-12-10T21:00:00.0,Call,610.0,-1,0.26
2024-12-09T15:00:00.0,2024-12-10T21:00:00.0,Put,593.0,1,-0.03
2024-12-09T15:00:00.0,2024-12-10T21:00:00.0,Call,612.0,1,-0.06
2024-12-10T15:00:00.0,2024-12-11T21:00:00.0,Put,601.0,-1,0.35
2024-12-10T15:00:00.0,2024-12-11T21:00:00.0,Call,609.0,-1,0.26
2024-12-10T15:00:00.0,2024-12-11T21:00:00.0,Put,597.0,1,-0.08
2024-12-10T15:00:00.0,2024-12-11T21:00:00.0,Call,617.0,1,-0.01
2024-12-11T15:00:00.0,2024-12-12T21:00:00.0,Put,603.0,-1,0.35
2024-12-11T15:00:00.0,2024-12-12T21:00:00.0,Call,610.0,-1,0.18
2024-12-11T15:00:00.0,2024-12-12T21:00:00.0,Put,597.0,1,-0.07
2024-12-11T15:00:00.0,2024-12-12T21:00:00.0,Call,614.0,1,-0.02
2024-12-12T15:00:00.0,2024-12-13T21:00:00.0,Put,602.0,-1,0.27
2024-12-12T15:00:00.0,2024-12-13T21:00:00.0,Call,609.0,-1,0.33
2024-12-12T15:00:00.0,2024-12-13T21:00:00.0,Put,594.0,1,-0.06
2024-12-12T15:00:00.0,2024-12-13T21:00:00.0,Call,617.0,1,-0.01
2024-12-13T15:00:00.0,2024-12-13T21:00:00.0,Put,604.0,-1,0.19
2024-12-13T15:00:00.0,2024-12-13T21:00:00.0,Call,608.0,-1,0.16
2024-12-13T15:00:00.0,2024-12-13T21:00:00.0,Put,598.0,1,-0.02
2024-12-13T15:00:00.0,2024-12-13T21:00:00.0,Call,612.0,1,-0.01
2024-12-16T15:00:00.0,2024-12-17T21:00:00.0,Put,603.0,-1,0.3
2024-12-16T15:00:00.0,2024-12-17T21:00:00.0,Call,609.0,-1,0.24
2024-12-16T15:00:00.0,2024-12-17T21:00:00.0,Put,597.0,1,-0.03
2024-12-16T15:00:00.0,2024-12-17T21:00:00.0,Call,613.0,1,-0.02
2024-12-17T15:00:00.0,2024-12-18T21:00:00.0,Put,599.0,-1,-12.240000000000018
2024-12-17T15:00:00.0,2024-12-18T21:00:00.0,Call,609.0,-1,0.32
2024-12-17T15:00:00.0,2024-12-18T21:00:00.0,Put,592.0,1,5.650000000000018
2024-12-17T15:00:00.0,2024-12-18T21:00:00.0,Call,613.0,1,-0.05
2024-12-18T15:00:00.0,2024-12-19T21:00:00.0,Put,599.0,-1,-12.050000000000004
2024-12-18T15:00:00.0,2024-12-19T21:00:00.0,Call,610.0,-1,0.44
2024-12-18T15:00:00.0,2024-12-19T21:00:00.0,Put,586.0,1,-0.07
2024-12-18T15:00:00.0,2024-12-19T21:00:00.0,Call,623.0,1,-0.009999999999999998
2024-12-19T15:00:00.0,2024-12-20T21:00:00.0,Put,580.0,-1,0.8
2024-12-19T15:00:00.0,2024-12-20T21:00:00.0,Call,597.0,-1,0.46
2024-12-19T15:00:00.0,2024-12-20T21:00:00.0,Put,572.0,1,-0.41
2024-12-19T15:00:00.0,2024-12-20T21:00:00.0,Call,605.0,1,-0.05
2024-12-20T15:00:00.0,2024-12-20T21:00:00.0,Put,577.0,-1,0.42
2024-12-20T15:00:00.0,2024-12-20T21:00:00.0,Call,587.0,-1,-4.490000000000027
2024-12-20T15:00:00.0,2024-12-20T21:00:00.0,Put,571.0,1,-0.09999999999999999
2024-12-20T15:00:00.0,2024-12-20T21:00:00.0,Call,593.0,1,-0.07
2024-12-26T15:00:00.0,2024-12-27T21:00:00.0,Put,595.0,-1,0.4600000000000001
2024-12-26T15:00:00.0,2024-12-27T21:00:00.0,Call,605.0,-1,0.27
2024-12-26T15:00:00.0,2024-12-27T21:00:00.0,Put,589.0,1,-0.17
2024-12-26T15:00:00.0,2024-12-27T21:00:00.0,Call,611.0,1,-0.05
2024-12-27T15:00:00.0,2024-12-27T21:00:00.0,Put,592.5,-1,0.21
2024-12-27T15:00:00.0,2024-12-27T21:00:00.0,Call,600.0,-1,0.23
2024-12-27T15:00:00.0,2024-12-27T21:00:00.0,Put,587.0,1,-0.039999999999999994
2024-12-27T15:00:00.0,2024-12-27T21:00:00.0,Call,605.0,1,-0.03
2024-12-30T15:00:00.0,2024-12-31T21:00:00.0,Put,577.0,-1,0.65
2024-12-30T15:00:00.0,2024-12-31T21:00:00.0,Call,592.0,-1,0.65
2024-12-30T15:00:00.0,2024-12-31T21:00:00.0,Put,571.0,1,-0.23
2024-12-30T15:00:00.0,2024-12-31T21:00:00.0,Call,598.0,1,-0.12
2024-12-31T15:00:00.0,2024-12-31T21:00:00.0,Put,585.0,-1,0.42
2024-12-31T15:00:00.0,2024-12-31T21:00:00.0,Call,595.0,-1,0.38
2024-12-31T15:00:00.0,2024-12-31T21:00:00.0,Put,580.0,1,-0.09
2024-12-31T15:00:00.0,2024-12-31T21:00:00.0,Call,601.0,1,-0.029999999999999995
2025-01-02T15:00:00.0,2025-01-03T21:00:00.0,Put,583.0,-1,0.59
2025-01-02T15:00:00.0,2025-01-03T21:00:00.0,Call,596.0,-1,0.58
2025-01-02T15:00:00.0,2025-01-03T21:00:00.0,Put,577.0,1,-0.18
2025-01-02T15:00:00.0,2025-01-03T21:00:00.0,Call,600.0,1,-0.13
2025-01-03T15:00:00.0,2025-01-03T21:00:00.0,Put,583.0,-1,0.31
2025-01-03T15:00:00.0,2025-01-03T21:00:00.0,Call,592.0,-1,0.28
2025-01-03T15:00:00.0,2025-01-03T21:00:00.0,Put,576.0,1,-0.06
2025-01-03T15:00:00.0,2025-01-03T21:00:00.0,Call,597.0,1,-0.03
2025-01-06T15:00:00.0,2025-01-07T21:00:00.0,Put,592.0,-1,-2.7100000000000453
2025-01-06T15:00:00.0,2025-01-07T21:00:00.0,Call,602.0,-1,0.45
2025-01-06T15:00:00.0,2025-01-07T21:00:00.0,Put,586.0,1,-0.14
2025-01-06T15:00:00.0,2025-01-07T21:00:00.0,Call,607.0,1,-0.04
2025-01-07T15:00:00.0,2025-01-08T21:00:00.0,Put,589.0,-1,0.42
2025-01-07T15:00:00.0,2025-01-08T21:00:00.0,Call,601.0,-1,0.31
2025-01-07T15:00:00.0,2025-01-08T21:00:00.0,Put,584.0,1,-0.15
2025-01-07T15:00:00.0,2025-01-08T21:00:00.0,Call,607.0,1,-0.02
2025-01-10T15:00:00.0,2025-01-10T21:00:00.0,Put,576.0,-1,0.25
2025-01-10T15:00:00.0,2025-01-10T21:00:00.0,Call,587.0,-1,0.34
2025-01-10T15:00:00.0,2025-01-10T21:00:00.0,Put,570.0,1,-0.06
2025-01-10T15:00:00.0,2025-01-10T21:00:00.0,Call,593.0,1,-0.07
2025-01-13T15:00:00.0,2025-01-14T21:00:00.0,Put,570.0,-1,0.69
2025-01-13T15:00:00.0,2025-01-14T21:00:00.0,Call,585.0,-1,0.49
2025-01-13T15:00:00.0,2025-01-14T21:00:00.0,Put,560.0,1,-0.1
2025-01-13T15:00:00.0,2025-01-14T21:00:00.0,Call,595.0,1,-0.03
2025-01-14T15:00:00.0,2025-01-15T21:00:00.0,Put,573.0,-1,0.84
2025-01-14T15:00:00.0,2025-01-15T21:00:00.0,Call,591.0,-1,-1.1999999999999456
2025-01-14T15:00:00.0,2025-01-15T21:00:00.0,Put,566.0,1,-0.21
2025-01-14T15:00:00.0,2025-01-15T21:00:00.0,Call,597.0,1,-0.08
2025-01-15T15:00:00.0,2025-01-16T21:00:00.0,Put,585.0,-1,0.64
2025-01-15T15:00:00.0,2025-01-16T21:00:00.0,Call,598.0,-1,0.44
2025-01-15T15:00:00.0,2025-01-16T21:00:00.0,Put,579.0,1,-0.19
2025-01-15T15:00:00.0,2025-01-16T21:00:00.0,Call,603.0,1,-0.05
2025-01-16T15:00:00.0,2025-01-17T21:00:00.0,Put,585.0,-1,0.53
2025-01-16T15:00:00.0,2025-01-17T21:00:00.0,Call,598.0,-1,0.42
2025-01-16T15:00:00.0,2025-01-17T21:00:00.0,Put,579.0,1,-0.18
2025-01-16T15:00:00.0,2025-01-17T21:00:00.0,Call,603.0,1,-0.08
2025-01-17T15:00:00.0,2025-01-17T21:00:00.0,Put,593.0,-1,0.38
2025-01-17T15:00:00.0,2025-01-17T21:00:00.0,Call,600.0,-1,0.18
2025-01-17T15:00:00.0,2025-01-17T21:00:00.0,Put,587.0,1,-0.09
2025-01-17T15:00:00.0,2025-01-17T21:00:00.0,Call,606.0,1,-0.010000000000000002
2025-01-21T15:00:00.0,2025-01-22T21:00:00.0,Put,594.0,-1,0.59
2025-01-21T15:00:00.0,2025-01-22T21:00:00.0,Call,605.0,-1,-0.915
2025-01-21T15:00:00.0,2025-01-22T21:00:00.0,Put,588.0,1,-0.19
2025-01-21T15:00:00.0,2025-01-22T21:00:00.0,Call,610.0,1,-0.06
2025-01-22T15:00:00.0,2025-01-23T21:00:00.0,Put,602.0,-1,0.48
2025-01-22T15:00:00.0,2025-01-23T21:00:00.0,Call,610.0,-1,0.35
2025-01-22T15:00:00.0,2025-01-23T21:00:00.0,Put,597.0,1,-0.16
2025-01-22T15:00:00.0,2025-01-23T21:00:00.0,Call,616.0,1,-0.02
2025-01-23T15:00:00.0,2025-01-24T21:00:00.0,Put,601.0,-1,0.39
2025-01-23T15:00:00.0,2025-01-24T21:00:00.0,Call,610.0,-1,0.35
2025-01-23T15:00:00.0,2025-01-24T21:00:00.0,Put,590.0,1,-0.05
2025-01-23T15:00:00.0,2025-01-24T21:00:00.0,Call,621.0,1,-0.020000000000000004
2025-01-24T15:00:00.0,2025-01-24T21:00:00.0,Put,607.5,-1,0.24
2025-01-24T15:00:00.0,2025-01-24T21:00:00.0,Call,612.5,-1,0.21
2025-01-24T15:00:00.0,2025-01-24T21:00:00.0,Put,602.0,1,-0.05
2025-01-24T15:00:00.0,2025-01-24T21:00:00.0,Call,617.0,1,-0.01
2025-01-27T15:00:00.0,2025-01-28T21:00:00.0,Put,591.0,-1,0.6
2025-01-27T15:00:00.0,2025-01-28T21:00:00.0,Call,605.0,-1,0.48
2025-01-27T15:00:00.0,2025-01-28T21:00:00.0,Put,585.0,1,-0.22
2025-01-27T15:00:00.0,2025-01-28T21:00:00.0,Call,611.0,1,-0.09
2025-01-28T15:00:00.0,2025-01-29T21:00:00.0,Put,591.0,-1,0.73
2025-01-28T15:00:00.0,2025-01-29T21:00:00.0,Call,606.0,-1,0.58
2025-01-28T15:00:00.0,2025-01-29T21:00:00.0,Put,585.0,1,-0.2
2025-01-28T15:00:00.0,2025-01-29T21:00:00.0,Call,610.0,1,-0.14
2025-01-29T15:00:00.0,2025-01-30T21:00:00.0,Put,595.0,-1,0.73
2025-01-29T15:00:00.0,2025-01-30T21:00:00.0,Call,611.0,-1,0.48
2025-01-29T15:00:00.0,2025-01-30T21:00:00.0,Put,589.0,1,-0.24999999999999997
2025-01-29T15:00:00.0,2025-01-30T21:00:00.0,Call,616.0,1,-0.08
2025-01-30T15:00:00.0,2025-01-31T21:00:00.0,Put,598.0,-1,0.54
2025-01-30T15:00:00.0,2025-01-31T21:00:00.0,Call,610.0,-1,0.5
2025-01-30T15:00:00.0,2025-01-31T21:00:00.0,Put,592.0,1,-0.14
2025-01-30T15:00:00.0,2025-01-31T21:00:00.0,Call,616.0,1,-0.049999999999999996
2025-01-31T15:00:00.0,2025-01-31T21:00:00.0,Put,604.0,-1,-1.6900000000000455
2025-01-31T15:00:00.0,2025-01-31T21:00:00.0,Call,611.0,-1,0.22
2025-01-31T15:00:00.0,2025-01-31T21:00:00.0,Put,598.0,1,-0.05000000000000001
2025-01-31T15:00:00.0,2025-01-31T21:00:00.0,Call,616.0,1,-0.01
2025-02-03T15:00:00.0,2025-02-04T21:00:00.0,Put,583.0,-1,0.8000000000000002
2025-02-03T15:00:00.0,2025-02-04T21:00:00.0,Call,600.0,-1,-1.2899999999999545
2025-02-03T15:00:00.0,2025-02-04T21:00:00.0,Put,577.0,1,-0.37
2025-02-03T15:00:00.0,2025-02-04T21:00:00.0,Call,606.0,1,-0.14
2025-02-04T15:00:00.0,2025-02-05T21:00:00.0,Put,592.0,-1,0.57
2025-02-04T15:00:00.0,2025-02-05T21:00:00.0,Call,606.0,-1,0.4799999999999999
2025-02-04T15:00:00.0,2025-02-05T21:00:00.0,Put,585.0,1,-0.1
2025-02-04T15:00:00.0,2025-02-05T21:00:00.0,Call,611.0,1,-0.08
2025-02-05T15:00:00.0,2025-02-06T21:00:00.0,Put,594.0,-1,0.58
2025-02-05T15:00:00.0,2025-02-06T21:00:00.0,Call,606.0,-1,0.46
2025-02-05T15:00:00.0,2025-02-06T21:00:00.0,Put,585.0,1,-0.12000000000000001
2025-02-05T15:00:00.0,2025-02-06T21:00:00.0,Call,612.0,1,-0.04
2025-02-06T15:00:00.0,2025-02-07T21:00:00.0,Put,598.0,-1,0.56
2025-02-06T15:00:00.0,2025-02-07T21:00:00.0,Call,611.0,-1,0.43000000000000005
2025-02-06T15:00:00.0,2025-02-07T21:00:00.0,Put,592.0,1,-0.14
2025-02-06T15:00:00.0,2025-02-07T21:00:00.0,Call,615.0,1,-0.07
2025-02-07T15:00:00.0,2025-02-07T21:00:00.0,Put,602.0,-1,-0.7200000000000136
2025-02-07T15:00:00.0,2025-02-07T21:00:00.0,Call,610.0,-1,0.06
2025-02-07T15:00:00.0,2025-02-07T21:00:00.0,Put,595.0,1,-0.06
2025-02-07T15:00:00.0,2025-02-07T21:00:00.0,Call,616.0,1,-0.01
2025-02-10T15:00:00.0,2025-02-11T21:00:00.0,Put,597.0,-1,0.58
2025-02-10T15:00:00.0,2025-02-11T21:00:00.0,Call,609.0,-1,0.3
2025-02-10T15:00:00.0,2025-02-11T21:00:00.0,Put,590.0,1,-0.13
2025-02-10T15:00:00.0,2025-02-11T21:00:00.0,Call,611.0,1,-0.1
2025-02-11T15:00:00.0,2025-02-12T21:00:00.0,Put,596.0,-1,0.54
2025-02-11T15:00:00.0,2025-02-12T21:00:00.0,Call,609.0,-1,0.4
2025-02-11T15:00:00.0,2025-02-12T21:00:00.0,Put,590.0,1,-0.15
2025-02-11T15:00:00.0,2025-02-12T21:00:00.0,Call,613.0,1,-0.07
2025-02-12T15:00:00.0,2025-02-13T21:00:00.0,Put,594.0,-1,0.55
2025-02-12T15:00:00.0,2025-02-13T21:00:00.0,Call,606.0,-1,-3.00999999999995
2025-02-12T15:00:00.0,2025-02-13T21:00:00.0,Put,588.0,1,-0.19
2025-02-12T15:00:00.0,2025-02-13T21:00:00.0,Call,611.0,1,-0.04
2025-02-13T15:00:00.0,2025-02-14T21:00:00.0,Put,599.0,-1,0.58
2025-02-13T15:00:00.0,2025-02-14T21:00:00.0,Call,610.0,-1,0.33
2025-02-13T15:00:00.0,2025-02-14T21:00:00.0,Put,592.5,1,-0.15
2025-02-13T15:00:00.0,2025-02-14T21:00:00.0,Call,615.0,1,-0.02
2025-02-14T15:00:00.0,2025-02-14T21:00:00.0,Put,607.0,-1,0.33
2025-02-14T15:00:00.0,2025-02-14T21:00:00.0,Call,613.0,-1,0.2
2025-02-14T15:00:00.0,2025-02-14T21:00:00.0,Put,601.0,1,-0.07
2025-02-14T15:00:00.0,2025-02-14T21:00:00.0,Call,618.0,1,-0.009999999999999998
2025-02-18T15:00:00.0,2025-02-19T21:00:00.0,Put,604.0,-1,0.41
2025-02-18T15:00:00.0,2025-02-19T21:00:00.0,Call,614.0,-1,0.36
2025-02-18T15:00:00.0,2025-02-19T21:00:00.0,Put,598.0,1,-0.11
2025-02-18T15:00:00.0,2025-02-19T21:00:00.0,Call,620.0,1,-0.03
2025-02-20T15:00:00.0,2025-02-21T21:00:00.0,Put,601.0,-1,-0.3
2025-02-20T15:00:00.0,2025-02-21T21:00:00.0,Call,613.0,-1,0.49
2025-02-20T15:00:00.0,2025-02-21T21:00:00.0,Put,595.0,1,-0.22
2025-02-20T15:00:00.0,2025-02-21T21:00:00.0,Call,619.0,1,-0.04
2025-02-21T15:00:00.0,2025-02-21T21:00:00.0,Put,604.0,-1,-3.55
2025-02-21T15:00:00.0,2025-02-21T21:00:00.0,Call,611.0,-1,0.2
2025-02-21T15:00:00.0,2025-02-21T21:00:00.0,Put,598.0,1,-0.06
2025-02-21T15:00:00.0,2025-02-21T21:00:00.0,Call,616.0,1,-0.02
2025-02-24T15:00:00.0,2025-02-25T21:00:00.0,Put,591.0,-1,0.69
2025-02-24T15:00:00.0,2025-02-25T21:00:00.0,Call,605.0,-1,0.52
2025-02-24T15:00:00.0,2025-02-25T21:00:00.0,Put,585.0,1,-0.31
2025-02-24T15:00:00.0,2025-02-25T21:00:00.0,Call,611.0,1,-0.05
2025-02-25T15:00:00.0,2025-02-26T21:00:00.0,Put,585.0,-1,0.65
2025-02-25T15:00:00.0,2025-02-26T21:00:00.0,Call,602.0,-1,0.65
2025-02-25T15:00:00.0,2025-02-26T21:00:00.0,Put,579.0,1,-0.29
2025-02-25T15:00:00.0,2025-02-26T21:00:00.0,Call,608.0,1,-0.12000000000000001
2025-02-26T15:00:00.0,2025-02-27T21:00:00.0,Put,589.0,-1,-3.33000000000005
2025-02-26T15:00:00.0,2025-02-27T21:00:00.0,Call,605.0,-1,0.58
2025-02-26T15:00:00.0,2025-02-27T21:00:00.0,Put,584.0,1,-0.3
2025-02-26T15:00:00.0,2025-02-27T21:00:00.0,Call,611.0,1,-0.05
2025-02-27T15:00:00.0,2025-02-28T21:00:00.0,Put,581.0,-1,0.7100000000000001
2025-02-27T15:00:00.0,2025-02-28T21:00:00.0,Call,600.0,-1,0.75
2025-02-27T15:00:00.0,2025-02-28T21:00:00.0,Put,575.0,1,-0.34
2025-02-27T15:00:00.0,2025-02-28T21:00:00.0,Call,606.0,1,-0.15
2025-02-28T15:00:00.0,2025-02-28T21:00:00.0,Put,580.0,-1,0.4799999999999999
2025-02-28T15:00:00.0,2025-02-28T21:00:00.0,Call,592.0,-1,-1.55999999999995
2025-02-28T15:00:00.0,2025-02-28T21:00:00.0,Put,574.0,1,-0.16
2025-02-28T15:00:00.0,2025-02-28T21:00:00.0,Call,597.0,1,-0.05999999999999999
2025-03-03T15:00:00.0,2025-03-04T21:00:00.0,Put,582.0,-1,-3.740000000000009
2025-03-03T15:00:00.0,2025-03-04T21:00:00.0,Call,600.0,-1,0.45000000000000007
2025-03-03T15:00:00.0,2025-03-04T21:00:00.0,Put,575.0,1,-0.36
2025-03-03T15:00:00.0,2025-03-04T21:00:00.0,Call,607.0,1,-0.05
2025-03-04T15:00:00.0,2025-03-05T21:00:00.0,Put,563.0,-1,0.93
2025-03-04T15:00:00.0,2025-03-05T21:00:00.0,Call,587.0,-1,0.81
2025-03-04T15:00:00.0,2025-03-05T21:00:00.0,Put,556.0,1,-0.43
2025-03-04T15:00:00.0,2025-03-05T21:00:00.0,Call,594.0,1,-0.19
2025-03-05T15:00:00.0,2025-03-06T21:00:00.0,Put,567.0,-1,1.0
2025-03-05T15:00:00.0,2025-03-06T21:00:00.0,Call,589.0,-1,0.89
2025-03-05T15:00:00.0,2025-03-06T21:00:00.0,Put,560.0,1,-0.62
2025-03-05T15:00:00.0,2025-03-06T21:00:00.0,Call,596.0,1,-0.16
2025-03-06T15:00:00.0,2025-03-07T21:00:00.0,Put,563.0,-1,1.12
2025-03-06T15:00:00.0,2025-03-07T21:00:00.0,Call,588.0,-1,0.8
2025-03-06T15:00:00.0,2025-03-07T21:00:00.0,Put,556.0,1,-0.46
2025-03-06T15:00:00.0,2025-03-07T21:00:00.0,Call,595.0,1,-0.22
2025-03-07T15:00:00.0,2025-03-07T21:00:00.0,Put,565.0,-1,0.6600000000000001
2025-03-07T15:00:00.0,2025-03-07T21:00:00.0,Call,581.0,-1,0.61
2025-03-07T15:00:00.0,2025-03-07T21:00:00.0,Put,559.0,1,-0.25
2025-03-07T15:00:00.0,2025-03-07T21:00:00.0,Call,587.0,1,-0.15
2025-03-10T14:00:00.0,2025-03-11T20:00:00.0,Put,555.0,-1,0.97
2025-03-10T14:00:00.0,2025-03-11T20:00:00.0,Call,578.0,-1,0.9
2025-03-10T14:00:00.0,2025-03-11T20:00:00.0,Put,548.0,1,-0.33
2025-03-10T14:00:00.0,2025-03-11T20:00:00.0,Call,585.0,1,-0.2
2025-03-11T14:00:00.0,2025-03-12T20:00:00.0,Put,549.0,-1,1.15
2025-03-11T14:00:00.0,2025-03-12T20:00:00.0,Call,574.0,-1,0.72
2025-03-11T14:00:00.0,2025-03-12T20:00:00.0,Put,542.0,1,-0.5800000000000001
2025-03-11T14:00:00.0,2025-03-12T20:00:00.0,Call,581.0,1,-0.26
2025-03-12T14:00:00.0,2025-03-13T20:00:00.0,Put,547.0,-1,0.99
2025-03-12T14:00:00.0,2025-03-13T20:00:00.0,Call,570.0,-1,0.91
2025-03-12T14:00:00.0,2025-03-13T20:00:00.0,Put,540.0,1,-0.35
2025-03-12T14:00:00.0,2025-03-13T20:00:00.0,Call,576.0,1,-0.25
2025-03-13T14:00:00.0,2025-03-14T20:00:00.0,Put,545.0,-1,0.93
2025-03-13T14:00:00.0,2025-03-14T20:00:00.0,Call,566.0,-1,0.7
2025-03-13T14:00:00.0,2025-03-14T20:00:00.0,Put,539.0,1,-0.39
2025-03-13T14:00:00.0,2025-03-14T20:00:00.0,Call,571.0,1,-0.26
2025-03-14T14:00:00.0,2025-03-14T20:00:00.0,Put,550.0,-1,0.46
2025-03-14T14:00:00.0,2025-03-14T20:00:00.0,Call,563.0,-1,0.27
2025-03-14T14:00:00.0,2025-03-14T20:00:00.0,Put,544.0,1,-0.2
2025-03-14T14:00:00.0,2025-03-14T20:00:00.0,Call,569.0,1,-0.05
2025-03-17T14:00:00.0,2025-03-18T20:00:00.0,Put,557.0,-1,0.8
2025-03-17T14:00:00.0,2025-03-18T20:00:00.0,Call,573.0,-1,0.51
2025-03-17T14:00:00.0,2025-03-18T20:00:00.0,Put,550.0,1,-0.22
2025-03-17T14:00:00.0,2025-03-18T20:00:00.0,Call,577.0,1,-0.13
2025-03-18T14:00:00.0,2025-03-19T20:00:00.0,Put,550.0,-1,0.75
2025-03-18T14:00:00.0,2025-03-19T20:00:00.0,Call,570.0,-1,0.75
2025-03-18T14:00:00.0,2025-03-19T20:00:00.0,Put,544.0,1,-0.25
2025-03-18T14:00:00.0,2025-03-19T20:00:00.0,Call,575.0,1,-0.25
2025-03-19T14:00:00.0,2025-03-20T20:00:00.0,Put,554.0,-1,0.82
2025-03-19T14:00:00.0,2025-03-20T20:00:00.0,Call,573.0,-1,0.64
2025-03-19T14:00:00.0,2025-03-20T20:00:00.0,Put,548.0,1,-0.28
2025-03-19T14:00:00.0,2025-03-20T20:00:00.0,Call,577.0,1,-0.23
2025-03-20T14:00:00.0,2025-03-21T20:00:00.0,Put,558.0,-1,0.8900000000000001
2025-03-20T14:00:00.0,2025-03-21T20:00:00.0,Call,574.0,-1,0.47
2025-03-20T14:00:00.0,2025-03-21T20:00:00.0,Put,552.0,1,-0.32000000000000006
2025-03-20T14:00:00.0,2025-03-21T20:00:00.0,Call,580.0,1,-0.1
2025-03-21T14:00:00.0,2025-03-21T20:00:00.0,Put,554.0,-1,0.49
2025-03-21T14:00:00.0,2025-03-21T20:00:00.0,Call,565.0,-1,0.52
2025-03-21T14:00:00.0,2025-03-21T20:00:00.0,Put,548.0,1,-0.06
2025-03-21T14:00:00.0,2025-03-21T20:00:00.0,Call,571.0,1,-0.09
2025-03-24T14:00:00.0,2025-03-25T20:00:00.0,Put,566.0,-1,0.63
2025-03-24T14:00:00.0,2025-03-25T20:00:00.0,Call,578.0,-1,0.42
2025-03-24T14:00:00.0,2025-03-25T20:00:00.0,Put,560.0,1,-0.19
2025-03-24T14:00:00.0,2025-03-25T20:00:00.0,Call,583.0,1,-0.05
2025-03-25T14:00:00.0,2025-03-26T20:00:00.0,Put,568.0,-1,0.45
2025-03-25T14:00:00.0,2025-03-26T20:00:00.0,Call,579.0,-1,0.46
2025-03-25T14:00:00.0,2025-03-26T20:00:00.0,Put,562.0,1,-0.12
2025-03-25T14:00:00.0,2025-03-26T20:00:00.0,Call,584.0,1,-0.05
2025-03-26T14:00:00.0,2025-03-27T20:00:00.0,Put,567.0,-1,0.53
2025-03-26T14:00:00.0,2025-03-27T20:00:00.0,Call,579.0,-1,0.4
2025-03-26T14:00:00.0,2025-03-27T20:00:00.0,Put,560.0,1,-0.1
2025-03-26T14:00:00.0,2025-03-27T20:00:00.0,Call,586.0,1,-0.02
2025-03-27T14:00:00.0,2025-03-28T20:00:00.0,Put,561.0,-1,-4.75
2025-03-27T14:00:00.0,2025-03-28T20:00:00.0,Call,576.0,-1,0.4699999999999999
2025-03-27T14:00:00.0,2025-03-28T20:00:00.0,Put,555.0,1,-0.24
2025-03-27T14:00:00.0,2025-03-28T20:00:00.0,Call,581.0,1,-0.08
2025-03-28T14:00:00.0,2025-03-28T20:00:00.0,Put,559.0,-1,-3.16
2025-03-28T14:00:00.0,2025-03-28T20:00:00.0,Call,569.0,-1,0.25
2025-03-28T14:00:00.0,2025-03-28T20:00:00.0,Put,553.0,1,-0.05
2025-03-28T14:00:00.0,2025-03-28T20:00:00.0,Call,575.0,1,-0.04
2025-03-31T14:00:00.0,2025-04-01T20:00:00.0,Put,540.0,-1,0.8599999999999999
2025-03-31T14:00:00.0,2025-04-01T20:00:00.0,Call,560.0,-1,-0.30000000000000004
2025-03-31T14:00:00.0,2025-04-01T20:00:00.0,Put,534.0,1,-0.4
2025-03-31T14:00:00.0,2025-04-01T20:00:00.0,Call,566.0,1,-0.19
2025-04-01T14:00:00.0,2025-04-02T20:00:00.0,Put,545.0,-1,0.97
2025-04-01T14:00:00.0,2025-04-02T20:00:00.0,Call,567.0,-1,0.79
2025-04-01T14:00:00.0,2025-04-02T20:00:00.0,Put,539.0,1,-0.4600000000000001
2025-04-01T14:00:00.0,2025-04-02T20:00:00.0,Call,573.0,1,-0.3
2025-04-02T14:00:00.0,2025-04-03T20:00:00.0,Put,548.0,-1,-9.240000000000018
2025-04-02T14:00:00.0,2025-04-03T20:00:00.0,Call,571.0,-1,0.81
2025-04-02T14:00:00.0,2025-04-03T20:00:00.0,Put,540.0,1,2.0600000000000183
2025-04-02T14:00:00.0,2025-04-03T20:00:00.0,Call,579.0,1,-0.13
2025-04-03T14:00:00.0,2025-04-04T20:00:00.0,Put,532.0,-1,-25.439999999999976
2025-04-03T14:00:00.0,2025-04-04T20:00:00.0,Call,557.5,-1,0.91
2025-04-03T14:00:00.0,2025-04-04T20:00:00.0,Put,526.0,1,19.889999999999976
2025-04-03T14:00:00.0,2025-04-04T20:00:00.0,Call,564.0,1,-0.37
2025-04-04T14:00:00.0,2025-04-04T20:00:00.0,Put,511.0,-1,-4.3899999999999775
2025-04-04T14:00:00.0,2025-04-04T20:00:00.0,Call,533.0,-1,0.96
2025-04-04T14:00:00.0,2025-04-04T20:00:00.0,Put,505.0,1,-0.51
2025-04-04T14:00:00.0,2025-04-04T20:00:00.0,Call,538.0,1,-0.47
2025-04-07T14:00:00.0,2025-04-08T20:00:00.0,Put,467.0,-1,2.6
2025-04-07T14:00:00.0,2025-04-08T20:00:00.0,Call,521.0,-1,1.6
2025-04-07T14:00:00.0,2025-04-08T20:00:00.0,Put,450.0,1,-1.26
2025-04-07T14:00:00.0,2025-04-08T20:00:00.0,Call,538.0,1,-0.31
2025-04-08T14:00:00.0,2025-04-09T20:00:00.0,Put,502.0,-1,1.85
2025-04-08T14:00:00.0,2025-04-09T20:00:00.0,Call,540.0,-1,-3.1299999999999546
2025-04-08T14:00:00.0,2025-04-09T20:00:00.0,Put,491.0,1,-0.86
2025-04-08T14:00:00.0,2025-04-09T20:00:00.0,Call,551.0,1,-0.3
2025-04-09T14:00:00.0,2025-04-10T20:00:00.0,Put,474.0,-1,2.58
2025-04-09T14:00:00.0,2025-04-10T20:00:00.0,Call,527.0,-1,1.87
2025-04-09T14:00:00.0,2025-04-10T20:00:00.0,Put,458.0,1,-1.1
2025-04-09T14:00:00.0,2025-04-10T20:00:00.0,Call,543.0,1,-0.35
2025-04-10T14:00:00.0,2025-04-11T20:00:00.0,Put,507.0,-1,1.73
2025-04-10T14:00:00.0,2025-04-11T20:00:00.0,Call,547.0,-1,1.49
2025-04-10T14:00:00.0,2025-04-11T20:00:00.0,Put,493.0,1,-0.79
2025-04-10T14:00:00.0,2025-04-11T20:00:00.0,Call,561.0,1,-0.34
2025-04-11T14:00:00.0,2025-04-11T20:00:00.0,Put,509.0,-1,0.6
2025-04-11T14:00:00.0,2025-04-11T20:00:00.0,Call,539.0,-1,1.09
2025-04-11T14:00:00.0,2025-04-11T20:00:00.0,Put,494.0,1,-0.4
2025-04-11T14:00:00.0,2025-04-11T20:00:00.0,Call,554.0,1,-0.23
2025-04-14T14:00:00.0,2025-04-15T20:00:00.0,Put,524.0,-1,1.26
2025-04-14T14:00:00.0,2025-04-15T20:00:00.0,Call,553.0,-1,0.95
2025-04-14T14:00:00.0,2025-04-15T20:00:00.0,Put,514.0,1,-0.59
2025-04-14T14:00:00.0,2025-04-15T20:00:00.0,Call,561.0,1,-0.25
2025-04-15T14:00:00.0,2025-04-16T20:00:00.0,Put,530.0,-1,-3.4399999999999498
2025-04-15T14:00:00.0,2025-04-16T20:00:00.0,Call,552.0,-1,0.68
2025-04-15T14:00:00.0,2025-04-16T20:00:00.0,Put,522.0,1,-0.39
2025-04-15T14:00:00.0,2025-04-16T20:00:00.0,Call,560.0,1,-0.13
2025-04-16T14:00:00.0,2025-04-17T20:00:00.0,Put,517.0,-1,1.14
2025-04-16T14:00:00.0,2025-04-17T20:00:00.0,Call,542.0,-1,0.83
2025-04-16T14:00:00.0,2025-04-17T20:00:00.0,Put,510.0,1,-0.56
2025-04-16T14:00:00.0,2025-04-17T20:00:00.0,Call,548.0,1,-0.31
2025-04-17T14:00:00.0,2025-04-17T20:00:00.0,Put,521.0,-1,0.59
2025-04-17T14:00:00.0,2025-04-17T20:00:00.0,Call,535.0,-1,0.45
2025-04-17T14:00:00.0,2025-04-17T20:00:00.0,Put,515.0,1,-0.2
2025-04-17T14:00:00.0,2025-04-17T20:00:00.0,Call,541.0,1,-0.13
2025-04-21T14:00:00.0,2025-04-22T20:00:00.0,Put,504.0,-1,1.04
2025-04-21T14:00:00.0,2025-04-22T20:00:00.0,Call,529.0,-1,0.87
2025-04-21T14:00:00.0,2025-04-22T20:00:00.0,Put,497.0,1,-0.52
2025-04-21T14:00:00.0,2025-04-22T20:00:00.0,Call,536.0,1,-0.28
2025-04-22T14:00:00.0,2025-04-23T20:00:00.0,Put,511.0,-1,1.01
2025-04-22T14:00:00.0,2025-04-23T20:00:00.0,Call,532.0,-1,-2.5499999999999634
2025-04-22T14:00:00.0,2025-04-23T20:00:00.0,Put,505.0,1,-0.45
2025-04-22T14:00:00.0,2025-04-23T20:00:00.0,Call,539.0,1,-0.14
2025-04-23T14:00:00.0,2025-04-24T20:00:00.0,Put,529.0,-1,0.88
2025-04-23T14:00:00.0,2025-04-24T20:00:00.0,Call,556.0,-1,0.9
2025-04-23T14:00:00.0,2025-04-24T20:00:00.0,Put,520.0,1,-0.46
2025-04-23T14:00:00.0,2025-04-24T20:00:00.0,Call,565.0,1,-0.35
2025-04-24T14:00:00.0,2025-04-25T20:00:00.0,Put,528.0,-1,1.11
2025-04-24T14:00:00.0,2025-04-25T20:00:00.0,Call,551.0,-1,0.84
2025-04-24T14:00:00.0,2025-04-25T20:00:00.0,Put,522.0,1,-0.51
2025-04-24T14:00:00.0,2025-04-25T20:00:00.0,Call,558.0,1,-0.26
2025-04-25T14:00:00.0,2025-04-25T20:00:00.0,Put,539.0,-1,0.59
2025-04-25T14:00:00.0,2025-04-25T20:00:00.0,Call,552.0,-1,0.4
2025-04-25T14:00:00.0,2025-04-25T20:00:00.0,Put,533.0,1,-0.3
2025-04-25T14:00:00.0,2025-04-25T20:00:00.0,Call,558.0,1,-0.1
2025-04-28T14:00:00.0,2025-04-29T20:00:00.0,Put,540.0,-1,0.87
2025-04-28T14:00:00.0,2025-04-29T20:00:00.0,Call,558.0,-1,0.72
2025-04-28T14:00:00.0,2025-04-29T20:00:00.0,Put,534.0,1,-0.41
2025-04-28T14:00:00.0,2025-04-29T20:00:00.0,Call,563.0,1,-0.22
2025-04-29T14:00:00.0,2025-04-30T20:00:00.0,Put,540.0,-1,0.88
2025-04-29T14:00:00.0,2025-04-30T20:00:00.0,Call,560.0,-1,0.6400000000000001
2025-04-29T14:00:00.0,2025-04-30T20:00:00.0,Put,533.0,1,-0.36
2025-04-29T14:00:00.0,2025-04-30T20:00:00.0,Call,566.0,1,-0.17
2025-04-30T14:00:00.0,2025-05-01T20:00:00.0,Put,531.0,-1,1.14
2025-04-30T14:00:00.0,2025-05-01T20:00:00.0,Call,554.0,-1,-4.430000000000055
2025-04-30T14:00:00.0,2025-05-01T20:00:00.0,Put,525.0,1,-0.67
2025-04-30T14:00:00.0,2025-05-01T20:00:00.0,Call,560.0,1,-0.27
2025-05-01T14:00:00.0,2025-05-02T20:00:00.0,Put,547.5,-1,0.9
2025-05-01T14:00:00.0,2025-05-02T20:00:00.0,Call,570.0,-1,0.7
2025-05-01T14:00:00.0,2025-05-02T20:00:00.0,Put,540.0,1,-0.51
2025-05-01T14:00:00.0,2025-05-02T20:00:00.0,Call,576.0,1,-0.25
2025-05-02T14:00:00.0,2025-05-02T20:00:00.0,Put,557.5,-1,0.46
2025-05-02T14:00:00.0,2025-05-02T20:00:00.0,Call,568.0,-1,0.42
2025-05-02T14:00:00.0,2025-05-02T20:00:00.0,Put,552.0,1,-0.14
2025-05-02T14:00:00.0,2025-05-02T20:00:00.0,Call,574.0,1,-0.06
2025-05-05T14:00:00.0,2025-05-06T20:00:00.0,Put,555.0,-1,0.65
2025-05-05T14:00:00.0,2025-05-06T20:00:00.0,Call,571.0,-1,0.42
2025-05-05T14:00:00.0,2025-05-06T20:00:00.0,Put,548.0,1,-0.23
2025-05-05T14:00:00.0,2025-05-06T20:00:00.0,Call,578.0,1,-0.06
2025-05-06T14:00:00.0,2025-05-07T20:00:00.0,Put,548.0,-1,0.83
2025-05-06T14:00:00.0,2025-05-07T20:00:00.0,Call,566.0,-1,0.7
2025-05-06T14:00:00.0,2025-05-07T20:00:00.0,Put,543.0,1,-0.36
2025-05-06T14:00:00.0,2025-05-07T20:00:00.0,Call,572.0,1,-0.17
2025-05-07T14:00:00.0,2025-05-08T20:00:00.0,Put,551.0,-1,0.87
2025-05-07T14:00:00.0,2025-05-08T20:00:00.0,Call,570.0,-1,0.72
2025-05-07T14:00:00.0,2025-05-08T20:00:00.0,Put,543.0,1,-0.25
2025-05-07T14:00:00.0,2025-05-08T20:00:00.0,Call,575.0,1,-0.23
2025-05-08T14:00:00.0,2025-05-09T20:00:00.0,Put,555.0,-1,0.92
2025-05-08T14:00:00.0,2025-05-09T20:00:00.0,Call,573.0,-1,0.6
2025-05-08T14:00:00.0,2025-05-09T20:00:00.0,Put,549.0,1,-0.41
2025-05-08T14:00:00.0,2025-05-09T20:00:00.0,Call,579.0,1,-0.15
2025-05-09T14:00:00.0,2025-05-09T20:00:00.0,Put,562.5,-1,0.37
2025-05-09T14:00:00.0,2025-05-09T20:00:00.0,Call,571.0,-1,0.32999999999999996
2025-05-09T14:00:00.0,2025-05-09T20:00:00.0,Put,557.0,1,-0.09
2025-05-09T14:00:00.0,2025-05-09T20:00:00.0,Call,577.0,1,-0.05999999999999999
2025-05-12T14:00:00.0,2025-05-13T20:00:00.0,Put,570.0,-1,0.6799999999999999
2025-05-12T14:00:00.0,2025-05-13T20:00:00.0,Call,586.0,-1,0.26
2025-05-12T14:00:00.0,2025-05-13T20:00:00.0,Put,564.0,1,-0.25
2025-05-12T14:00:00.0,2025-05-13T20:00:00.0,Call,591.0,1,-0.27
2025-05-13T14:00:00.0,2025-05-14T20:00:00.0,Put,578.0,-1,0.54
2025-05-13T14:00:00.0,2025-05-14T20:00:00.0,Call,592.0,-1,0.41
2025-05-13T14:00:00.0,2025-05-14T20:00:00.0,Put,571.0,1,-0.14
2025-05-13T14:00:00.0,2025-05-14T20:00:00.0,Call,599.0,1,-0.05
2025-05-14T14:00:00.0,2025-05-15T20:00:00.0,Put,580.0,-1,0.65
2025-05-14T14:00:00.0,2025-05-15T20:00:00.0,Call,594.0,-1,0.55
2025-05-14T14:00:00.0,2025-05-15T20:00:00.0,Put,574.0,1,-0.25
2025-05-14T14:00:00.0,2025-05-15T20:00:00.0,Call,600.0,1,-0.13
2025-05-15T14:00:00.0,2025-05-16T20:00:00.0,Put,579.0,-1,0.63
2025-05-15T14:00:00.0,2025-05-16T20:00:00.0,Call,593.0,-1,-0.5599999999999636
2025-05-15T14:00:00.0,2025-05-16T20:00:00.0,Put,572.0,1,-0.17
2025-05-15T14:00:00.0,2025-05-16T20:00:00.0,Call,600.0,1,-0.07
2025-05-16T14:00:00.0,2025-05-16T20:00:00.0,Put,587.0,-1,0.27
2025-05-16T14:00:00.0,2025-05-16T20:00:00.0,Call,594.0,-1,0.1600000000000364
2025-05-16T14:00:00.0,2025-05-16T20:00:00.0,Put,581.0,1,-0.07
2025-05-16T14:00:00.0,2025-05-16T20:00:00.0,Call,600.0,1,-0.04
2025-05-19T14:00:00.0,2025-05-20T20:00:00.0,Put,584.0,-1,0.65
2025-05-19T14:00:00.0,2025-05-20T20:00:00.0,Call,597.0,-1,0.54
2025-05-19T14:00:00.0,2025-05-20T20:00:00.0,Put,578.0,1,-0.20999999999999996
2025-05-19T14:00:00.0,2025-05-20T20:00:00.0,Call,602.0,1,-0.11
2025-05-20T14:00:00.0,2025-05-21T20:00:00.0,Put,586.0,-1,-2.4300000000000184
2025-05-20T14:00:00.0,2025-05-21T20:00:00.0,Call,599.0,-1,0.41
2025-05-20T14:00:00.0,2025-05-21T20:00:00.0,Put,580.0,1,-0.15
2025-05-20T14:00:00.0,2025-05-21T20:00:00.0,Call,604.0,1,-0.07
2025-05-21T14:00:00.0,2025-05-22T20:00:00.0,Put,583.0,-1,0.59
2025-05-21T14:00:00.0,2025-05-22T20:00:00.0,Call,596.0,-1,0.49
2025-05-21T14:00:00.0,2025-05-22T20:00:00.0,Put,576.0,1,-0.12
2025-05-21T14:00:00.0,2025-05-22T20:00:00.0,Call,601.0,1,-0.11
2025-05-22T14:00:00.0,2025-05-23T20:00:00.0,Put,576.0,-1,0.65
2025-05-22T14:00:00.0,2025-05-23T20:00:00.0,Call,592.0,-1,0.54
2025-05-22T14:00:00.0,2025-05-23T20:00:00.0,Put,570.0,1,-0.21
2025-05-22T14:00:00.0,2025-05-23T20:00:00.0,Call,597.0,1,-0.16
2025-05-23T14:00:00.0,2025-05-23T20:00:00.0,Put,571.0,-1,0.41
2025-05-23T14:00:00.0,2025-05-23T20:00:00.0,Call,582.0,-1,0.43
2025-05-23T14:00:00.0,2025-05-23T20:00:00.0,Put,565.0,1,-0.08000000000000002
2025-05-23T14:00:00.0,2025-05-23T20:00:00.0,Call,588.0,1,-0.08000000000000002
2025-05-27T14:00:00.0,2025-05-28T20:00:00.0,Put,579.0,-1,0.66
2025-05-27T14:00:00.0,2025-05-28T20:00:00.0,Call,593.0,-1,0.57
2025-05-27T14:00:00.0,2025-05-28T20:00:00.0,Put,573.0,1,-0.23
2025-05-27T14:00:00.0,2025-05-28T20:00:00.0,Call,597.0,1,-0.18
2025-05-28T14:00:00.0,2025-05-29T20:00:00.0,Put,583.0,-1,0.8
2025-05-28T14:00:00.0,2025-05-29T20:00:00.0,Call,599.0,-1,0.5
2025-05-28T14:00:00.0,2025-05-29T20:00:00.0,Put,577.0,1,-0.28
2025-05-28T14:00:00.0,2025-05-29T20:00:00.0,Call,603.0,1,-0.15
2025-05-29T14:00:00.0,2025-05-30T20:00:00.0,Put,582.0,-1,0.71
2025-05-29T14:00:00.0,2025-05-30T20:00:00.0,Call,600.0,-1,0.57
2025-05-29T14:00:00.0,2025-05-30T20:00:00.0,Put,576.0,1,-0.28
2025-05-29T14:00:00.0,2025-05-30T20:00:00.0,Call,605.0,1,-0.16
2025-05-30T14:00:00.0,2025-05-30T20:00:00.0,Put,583.0,-1,0.4
2025-05-30T14:00:00.0,2025-05-30T20:00:00.0,Call,592.0,-1,0.29
2025-05-30T14:00:00.0,2025-05-30T20:00:00.0,Put,577.0,1,-0.07
2025-05-30T14:00:00.0,2025-05-30T20:00:00.0,Call,598.0,1,-0.05
2025-06-02T14:00:00.0,2025-06-03T20:00:00.0,Put,578.0,-1,0.47
2025-06-02T14:00:00.0,2025-06-03T20:00:00.0,Call,592.0,-1,-3.3799999999999866
2025-06-02T14:00:00.0,2025-06-03T20:00:00.0,Put,572.0,1,-0.16999999999999998
2025-06-02T14:00:00.0,2025-06-03T20:00:00.0,Call,598.0,1,-0.1
2025-06-03T14:00:00.0,2025-06-04T20:00:00.0,Put,586.0,-1,0.5
2025-06-03T14:00:00.0,2025-06-04T20:00:00.0,Call,599.0,-1,0.34
2025-06-03T14:00:00.0,2025-06-04T20:00:00.0,Put,580.0,1,-0.12
2025-06-03T14:00:00.0,2025-06-04T20:00:00.0,Call,605.0,1,-0.03
2025-06-04T14:00:00.0,2025-06-05T20:00:00.0,Put,591.0,-1,0.55
2025-06-04T14:00:00.0,2025-06-05T20:00:00.0,Call,602.0,-1,0.35
2025-06-04T14:00:00.0,2025-06-05T20:00:00.0,Put,586.0,1,-0.22999999999999998
2025-06-04T14:00:00.0,2025-06-05T20:00:00.0,Call,608.0,1,-0.04
2025-06-05T14:00:00.0,2025-06-06T20:00:00.0,Put,586.0,-1,0.74
2025-06-05T14:00:00.0,2025-06-06T20:00:00.0,Call,603.0,-1,0.6
2025-06-05T14:00:00.0,2025-06-06T20:00:00.0,Put,580.0,1,-0.22
2025-06-05T14:00:00.0,2025-06-06T20:00:00.0,Call,608.0,1,-0.15
2025-06-06T14:00:00.0,2025-06-06T20:00:00.0,Put,596.0,-1,0.33
2025-06-06T14:00:00.0,2025-06-06T20:00:00.0,Call,603.0,-1,0.28
2025-06-06T14:00:00.0,2025-06-06T20:00:00.0,Put,590.0,1,-0.11
2025-06-06T14:00:00.0,2025-06-06T20:00:00.0,Call,609.0,1,-0.02
2025-06-09T14:00:00.0,2025-06-10T20:00:00.0,Put,593.0,-1,0.51
2025-06-09T14:00:00.0,2025-06-10T20:00:00.0,Call,605.0,-1,0.32
2025-06-09T14:00:00.0,2025-06-10T20:00:00.0,Put,588.0,1,-0.16
2025-06-09T14:00:00.0,2025-06-10T20:00:00.0,Call,611.0,1,-0.04
2025-06-10T14:00:00.0,2025-06-11T20:00:00.0,Put,594.0,-1,0.58
2025-06-10T14:00:00.0,2025-06-11T20:00:00.0,Call,607.0,-1,0.38
2025-06-10T14:00:00.0,2025-06-11T20:00:00.0,Put,590.0,1,-0.22
2025-06-10T14:00:00.0,2025-06-11T20:00:00.0,Call,613.0,1,-0.04
2025-06-11T14:00:00.0,2025-06-12T20:00:00.0,Put,598.0,-1,0.59
2025-06-11T14:00:00.0,2025-06-12T20:00:00.0,Call,609.0,-1,0.41
2025-06-11T14:00:00.0,2025-06-12T20:00:00.0,Put,594.0,1,-0.25
2025-06-11T14:00:00.0,2025-06-12T20:00:00.0,Call,616.0,1,-0.03
2025-06-12T14:00:00.0,2025-06-13T20:00:00.0,Put,595.0,-1,0.72
2025-06-12T14:00:00.0,2025-06-13T20:00:00.0,Call,606.0,-1,0.49
2025-06-12T14:00:00.0,2025-06-13T20:00:00.0,Put,590.0,1,-0.27
2025-06-12T14:00:00.0,2025-06-13T20:00:00.0,Call,613.0,1,-0.04
2025-06-13T14:00:00.0,2025-06-13T20:00:00.0,Put,594.0,-1,0.37
2025-06-13T14:00:00.0,2025-06-13T20:00:00.0,Call,602.0,-1,0.35
2025-06-13T14:00:00.0,2025-06-13T20:00:00.0,Put,588.0,1,-0.1
2025-06-13T14:00:00.0,2025-06-13T20:00:00.0,Call,608.0,1,-0.04
2025-06-16T14:00:00.0,2025-06-17T20:00:00.0,Put,597.0,-1,0.52
2025-06-16T14:00:00.0,2025-06-17T20:00:00.0,Call,608.0,-1,0.31
2025-06-16T14:00:00.0,2025-06-17T20:00:00.0,Put,592.0,1,-0.21
2025-06-16T14:00:00.0,2025-06-17T20:00:00.0,Call,614.0,1,-0.04
2025-06-17T14:00:00.0,2025-06-18T20:00:00.0,Put,593.0,-1,0.59
2025-06-17T14:00:00.0,2025-06-18T20:00:00.0,Call,607.0,-1,0.48
2025-06-17T14:00:00.0,2025-06-18T20:00:00.0,Put,587.0,1,-0.22
2025-06-17T14:00:00.0,2025-06-18T20:00:00.0,Call,612.0,1,-0.09
2025-06-18T14:00:00.0,2025-06-18T20:00:00.0,Put,594.0,-1,0.44
2025-06-18T14:00:00.0,2025-06-18T20:00:00.0,Call,603.0,-1,0.3
2025-06-18T14:00:00.0,2025-06-18T20:00:00.0,Put,588.0,1,-0.09
2025-06-18T14:00:00.0,2025-06-18T20:00:00.0,Call,609.0,1,-0.03
2025-06-20T14:00:00.0,2025-06-20T20:00:00.0,Put,593.0,-1,0.32
2025-06-20T14:00:00.0,2025-06-20T20:00:00.0,Call,601.0,-1,0.24
2025-06-20T14:00:00.0,2025-06-20T20:00:00.0,Put,587.0,1,-0.07
2025-06-20T14:00:00.0,2025-06-20T20:00:00.0,Call,606.0,1,-0.03
2025-06-23T14:00:00.0,2025-06-24T20:00:00.0,Put,590.0,-1,0.55
2025-06-23T14:00:00.0,2025-06-24T20:00:00.0,Call,602.0,-1,-4.3400000000000185
2025-06-23T14:00:00.0,2025-06-24T20:00:00.0,Put,584.0,1,-0.21
2025-06-23T14:00:00.0,2025-06-24T20:00:00.0,Call,607.0,1,-0.04
2025-06-24T14:00:00.0,2025-06-25T20:00:00.0,Put,598.0,-1,0.55
2025-06-24T14:00:00.0,2025-06-25T20:00:00.0,Call,609.0,-1,0.33
2025-06-24T14:00:00.0,2025-06-25T20:00:00.0,Put,592.0,1,-0.2
2025-06-24T14:00:00.0,2025-06-25T20:00:00.0,Call,615.0,1,-0.03
2025-06-25T14:00:00.0,2025-06-26T20:00:00.0,Put,603.0,-1,0.52
2025-06-25T14:00:00.0,2025-06-26T20:00:00.0,Call,613.0,-1,0.27
2025-06-25T14:00:00.0,2025-06-26T20:00:00.0,Put,595.0,1,-0.12
2025-06-25T14:00:00.0,2025-06-26T20:00:00.0,Call,620.0,1,-0.02
2025-06-26T14:00:00.0,2025-06-27T20:00:00.0,Put,604.0,-1,0.38
2025-06-26T14:00:00.0,2025-06-27T20:00:00.0,Call,614.0,-1,-0.1499999999999773
2025-06-26T14:00:00.0,2025-06-27T20:00:00.0,Put,598.0,1,-0.13
2025-06-26T14:00:00.0,2025-06-27T20:00:00.0,Call,619.0,1,-0.03
2025-06-27T14:00:00.0,2025-06-27T20:00:00.0,Put,612.0,-1,0.27
2025-06-27T14:00:00.0,2025-06-27T20:00:00.0,Call,617.0,-1,0.15
2025-06-27T14:00:00.0,2025-06-27T20:00:00.0,Put,606.0,1,-0.08
2025-06-27T14:00:00.0,2025-06-27T20:00:00.0,Call,623.0,1,-0.02
2025-06-30T14:00:00.0,2025-07-01T20:00:00.0,Put,611.0,-1,0.55
2025-06-30T14:00:00.0,2025-07-01T20:00:00.0,Call,621.0,-1,0.46
2025-06-30T14:00:00.0,2025-07-01T20:00:00.0,Put,605.0,1,-0.16000000000000003
2025-06-30T14:00:00.0,2025-07-01T20:00:00.0,Call,623.0,1,-0.2
2025-07-01T14:00:00.0,2025-07-02T20:00:00.0,Put,612.0,-1,0.42
2025-07-01T14:00:00.0,2025-07-02T20:00:00.0,Call,622.0,-1,0.28
2025-07-01T14:00:00.0,2025-07-02T20:00:00.0,Put,605.0,1,-0.09
2025-07-01T14:00:00.0,2025-07-02T20:00:00.0,Call,626.0,1,-0.04
2025-07-07T14:00:00.0,2025-07-08T20:00:00.0,Put,618.0,-1,0.49
2025-07-07T14:00:00.0,2025-07-08T20:00:00.0,Call,628.0,-1,0.4
2025-07-07T14:00:00.0,2025-07-08T20:00:00.0,Put,611.0,1,-0.12
2025-07-07T14:00:00.0,2025-07-08T20:00:00.0,Call,632.0,1,-0.06
2025-07-08T14:00:00.0,2025-07-09T20:00:00.0,Put,615.0,-1,0.4600000000000001
2025-07-08T14:00:00.0,2025-07-09T20:00:00.0,Call,626.0,-1,0.31
2025-07-08T14:00:00.0,2025-07-09T20:00:00.0,Put,609.0,1,-0.12000000000000001
2025-07-08T14:00:00.0,2025-07-09T20:00:00.0,Call,631.0,1,-0.04
2025-07-09T14:00:00.0,2025-07-10T20:00:00.0,Put,619.0,-1,0.4
2025-07-09T14:00:00.0,2025-07-10T20:00:00.0,Call,629.0,-1,0.26
2025-07-09T14:00:00.0,2025-07-10T20:00:00.0,Put,613.0,1,-0.08999999999999998
2025-07-09T14:00:00.0,2025-07-10T20:00:00.0,Call,632.0,1,-0.05
2025-07-10T14:00:00.0,2025-07-11T20:00:00.0,Put,618.0,-1,0.43
2025-07-10T14:00:00.0,2025-07-11T20:00:00.0,Call,628.0,-1,0.31
2025-07-10T14:00:00.0,2025-07-11T20:00:00.0,Put,611.0,1,-0.11
2025-07-10T14:00:00.0,2025-07-11T20:00:00.0,Call,633.0,1,-0.03
2025-07-11T14:00:00.0,2025-07-11T20:00:00.0,Put,620.0,-1,0.3
2025-07-11T14:00:00.0,2025-07-11T20:00:00.0,Call,626.0,-1,0.22
2025-07-11T14:00:00.0,2025-07-11T20:00:00.0,Put,614.0,1,-0.05
2025-07-11T14:00:00.0,2025-07-11T20:00:00.0,Call,631.0,1,-0.019999999999999997
2025-07-14T14:00:00.0,2025-07-15T20:00:00.0,Put,617.0,-1,0.53
2025-07-14T14:00:00.0,2025-07-15T20:00:00.0,Call,628.0,-1,0.31
2025-07-14T14:00:00.0,2025-07-15T20:00:00.0,Put,611.0,1,-0.14
2025-07-14T14:00:00.0,2025-07-15T20:00:00.0,Call,633.0,1,-0.04
2025-07-15T14:00:00.0,2025-07-16T20:00:00.0,Put,620.0,-1,0.4600000000000001
2025-07-15T14:00:00.0,2025-07-16T20:00:00.0,Call,630.0,-1,0.42
2025-07-15T14:00:00.0,2025-07-16T20:00:00.0,Put,591.0,1,-0.02
2025-07-15T14:00:00.0,2025-07-16T20:00:00.0,Call,635.0,1,-0.04
2025-07-16T14:00:00.0,2025-07-17T20:00:00.0,Put,616.0,-1,0.46
2025-07-16T14:00:00.0,2025-07-17T20:00:00.0,Call,627.0,-1,-0.3699999999999909
2025-07-16T14:00:00.0,2025-07-17T20:00:00.0,Put,611.0,1,-0.16
2025-07-16T14:00:00.0,2025-07-17T20:00:00.0,Call,633.0,1,-0.04
2025-07-17T14:00:00.0,2025-07-18T20:00:00.0,Put,620.0,-1,0.46
2025-07-17T14:00:00.0,2025-07-18T20:00:00.0,Call,630.0,-1,0.42
2025-07-17T14:00:00.0,2025-07-18T20:00:00.0,Put,614.0,1,-0.14
2025-07-17T14:00:00.0,2025-07-18T20:00:00.0,Call,635.0,1,-0.05
2025-07-18T14:00:00.0,2025-07-18T20:00:00.0,Put,626.0,-1,0.15
2025-07-18T14:00:00.0,2025-07-18T20:00:00.0,Call,631.0,-1,0.19
2025-07-18T14:00:00.0,2025-07-18T20:00:00.0,Put,620.0,1,-0.06
2025-07-18T14:00:00.0,2025-07-18T20:00:00.0,Call,636.0,1,-0.02
2025-07-21T14:00:00.0,2025-07-22T20:00:00.0,Put,626.0,-1,0.37
2025-07-21T14:00:00.0,2025-07-22T20:00:00.0,Call,635.0,-1,0.16
2025-07-21T14:00:00.0,2025-07-22T20:00:00.0,Put,620.0,1,-0.11
2025-07-21T14:00:00.0,2025-07-22T20:00:00.0,Call,638.0,1,-0.04
2025-07-22T14:00:00.0,2025-07-23T20:00:00.0,Put,621.0,-1,0.49
2025-07-22T14:00:00.0,2025-07-23T20:00:00.0,Call,631.0,-1,-2.190000000000032
2025-07-22T14:00:00.0,2025-07-23T20:00:00.0,Put,615.0,1,-0.17
2025-07-22T14:00:00.0,2025-07-23T20:00:00.0,Call,636.0,1,-0.03
2025-07-23T14:00:00.0,2025-07-24T20:00:00.0,Put,624.0,-1,0.41
2025-07-23T14:00:00.0,2025-07-24T20:00:00.0,Call,634.0,-1,0.05999999999996819
2025-07-23T14:00:00.0,2025-07-24T20:00:00.0,Put,617.0,1,-0.08999999999999998
2025-07-23T14:00:00.0,2025-07-24T20:00:00.0,Call,636.0,1,-0.15
2025-07-24T14:00:00.0,2025-07-25T20:00:00.0,Put,630.0,-1,0.39
2025-07-24T14:00:00.0,2025-07-25T20:00:00.0,Call,639.0,-1,0.27
2025-07-24T14:00:00.0,2025-07-25T20:00:00.0,Put,625.0,1,-0.14
2025-07-24T14:00:00.0,2025-07-25T20:00:00.0,Call,645.0,1,-0.02
2025-07-25T14:00:00.0,2025-07-25T20:00:00.0,Put,633.0,-1,0.26
2025-07-25T14:00:00.0,2025-07-25T20:00:00.0,Call,638.0,-1,0.1
2025-07-25T14:00:00.0,2025-07-25T20:00:00.0,Put,627.0,1,-0.06
2025-07-25T14:00:00.0,2025-07-25T20:00:00.0,Call,642.0,1,-0.019999999999999997
2025-07-28T14:00:00.0,2025-07-29T20:00:00.0,Put,633.0,-1,0.39
2025-07-28T14:00:00.0,2025-07-29T20:00:00.0,Call,641.0,-1,0.36999999999999994
2025-07-28T14:00:00.0,2025-07-29T20:00:00.0,Put,627.0,1,-0.1
2025-07-28T14:00:00.0,2025-07-29T20:00:00.0,Call,643.0,1,-0.13
2025-07-30T14:00:00.0,2025-07-31T20:00:00.0,Put,628.0,-1,0.72
2025-07-30T14:00:00.0,2025-07-31T20:00:00.0,Call,642.0,-1,0.52
2025-07-30T14:00:00.0,2025-07-31T20:00:00.0,Put,622.0,1,-0.29
2025-07-30T14:00:00.0,2025-07-31T20:00:00.0,Call,646.0,1,-0.13
2025-07-31T14:00:00.0,2025-08-01T20:00:00.0,Put,632.0,-1,-9.60999999999995
2025-07-31T14:00:00.0,2025-08-01T20:00:00.0,Call,645.0,-1,0.44
2025-07-31T14:00:00.0,2025-08-01T20:00:00.0,Put,626.0,1,3.96999999999995
2025-07-31T14:00:00.0,2025-08-01T20:00:00.0,Call,650.0,1,-0.05999999999999999
