EntryTime,EntrySpot,Expiry,Strike,Type,Direction,EntryPrice,ExitSpot,PnL
2024-01-31T15:00:00.0,487.69,2024-02-01T21:00:00.0,482.0,Put,-1,0.0009022124710369292,489.02,0.44
2024-01-31T15:00:00.0,487.69,2024-02-01T21:00:00.0,494.0,Call,-1,0.0008612028132625233,489.02,0.42
2024-02-01T15:00:00.0,484.46,2024-02-02T21:00:00.0,479.0,Put,-1,0.0009495107955249144,493.77,0.46
2024-02-01T15:00:00.0,484.46,2024-02-02T21:00:00.0,490.0,Call,-1,0.0007637369442265615,493.77,-3.3999999999999817
2024-02-02T15:00:00.0,490.59,2024-02-02T21:00:00.0,487.5,Put,-1,0.0005299741128029516,493.77,0.26
2024-02-02T15:00:00.0,490.59,2024-02-02T21:00:00.0,493.0,Call,-1,0.0005095904930797611,493.77,-0.5199999999999818
2024-02-05T15:00:00.0,492.7,2024-02-06T21:00:00.0,489.0,Put,-1,0.0005682971382179826,493.94,0.28
2024-02-05T15:00:00.0,492.7,2024-02-06T21:00:00.0,497.0,Call,-1,0.0005277044854881266,493.94,0.26
2024-02-06T15:00:00.0,492.83,2024-02-07T21:00:00.0,489.0,Put,-1,0.0006493111214820527,497.91,0.32
2024-02-06T15:00:00.0,492.83,2024-02-07T21:00:00.0,497.0,Call,-1,0.000547856258750482,497.91,-0.640000000000025
2024-02-07T15:00:00.0,495.805,2024-02-08T21:00:00.0,492.0,Put,-1,0.0006252458123657486,498.25,0.31
2024-02-07T15:00:00.0,495.805,2024-02-08T21:00:00.0,500.0,Call,-1,0.00048406127408961183,498.25,0.24
2024-02-08T15:00:00.0,498.0201,2024-02-09T21:00:00.0,494.0,Put,-1,0.0005823058145645125,501.04,0.29
2024-02-08T15:00:00.0,498.0201,2024-02-09T21:00:00.0,502.0,Call,-1,0.0004819082603292517,501.04,0.24
2024-02-09T15:00:00.0,499.45,2024-02-09T21:00:00.0,497.0,Put,-1,0.000380418460306337,501.04,0.19
2024-02-09T15:00:00.0,499.45,2024-02-09T21:00:00.0,502.0,Call,-1,0.00028030833917309044,501.04,0.14
2024-02-12T15:00:00.0,501.35,2024-02-13T21:00:00.0,497.0,Put,-1,0.0008377381071108008,494.06,-2.519999999999998
2024-02-12T15:00:00.0,501.35,2024-02-13T21:00:00.0,506.0,Call,-1,0.0006382766530368006,494.06,0.32
2024-02-13T15:00:00.0,493.73,2024-02-14T21:00:00.0,489.0,Put,-1,0.0006481275190893808,498.92,0.32
2024-02-13T15:00:00.0,493.73,2024-02-14T21:00:00.0,498.0,Call,-1,0.0007493974439470966,498.92,-0.5500000000000159
2024-02-14T15:00:00.0,496.93,2024-02-15T21:00:00.0,492.0,Put,-1,0.0006037067595033506,502.02,0.3
2024-02-14T15:00:00.0,496.93,2024-02-15T21:00:00.0,501.0,Call,-1,0.0007848187873543557,502.02,-0.6299999999999818
2024-02-15T15:00:00.0,499.81,2024-02-16T21:00:00.0,495.0,Put,-1,0.0007602889097857186,499.32,0.38
2024-02-15T15:00:00.0,499.81,2024-02-16T21:00:00.0,504.0,Call,-1,0.0006602508953402293,499.32,0.33
2024-02-16T15:00:00.0,499.53,2024-02-16T21:00:00.0,496.0,Put,-1,0.0006205833483474467,499.32,0.31
2024-02-16T15:00:00.0,499.53,2024-02-16T21:00:00.0,503.0,Call,-1,0.0002802634476407824,499.32,0.14
2024-02-20T15:00:00.0,496.55,2024-02-21T21:00:00.0,491.0,Put,-1,0.0009263921055281442,497.09,0.46
2024-02-20T15:00:00.0,496.55,2024-02-21T21:00:00.0,502.0,Call,-1,0.0007451414761856812,497.09,0.37
2024-02-21T15:00:00.0,495.325,2024-02-22T21:00:00.0,490.0,Put,-1,0.0010296270125675063,507.38,0.51
2024-02-21T15:00:00.0,495.325,2024-02-22T21:00:00.0,501.0,Call,-1,0.0009690607177105941,507.38,-5.899999999999995
2024-02-22T15:00:00.0,504.97,2024-02-23T21:00:00.0,500.0,Put,-1,0.0006733073251876349,507.7,0.34
2024-02-22T15:00:00.0,504.97,2024-02-23T21:00:00.0,510.0,Call,-1,0.0005742915420718062,507.7,0.29
2024-02-23T15:00:00.0,509.35,2024-02-23T21:00:00.0,506.0,Put,-1,0.000274860115833906,507.7,0.14
2024-02-23T15:00:00.0,509.35,2024-02-23T21:00:00.0,512.0,Call,-1,0.0003926573083341514,507.7,0.2
2024-02-26T15:00:00.0,508.09,2024-02-27T21:00:00.0,504.0,Put,-1,0.0005904465744257907,506.93,0.3
2024-02-26T15:00:00.0,508.09,2024-02-27T21:00:00.0,512.0,Call,-1,0.0004920388120214922,506.93,0.24999999999999997
2024-02-27T15:00:00.0,506.24,2024-02-28T21:00:00.0,502.0,Put,-1,0.0004148230088495575,506.04,0.21
2024-02-27T15:00:00.0,506.24,2024-02-28T21:00:00.0,510.0,Call,-1,0.0004740834386852086,506.04,0.24
2024-02-28T15:00:00.0,505.29,2024-02-29T21:00:00.0,501.0,Put,-1,0.0006332996892873399,508.39,0.32
2024-02-28T15:00:00.0,505.29,2024-02-29T21:00:00.0,510.0,Call,-1,0.0005145559975459637,508.39,0.26
2024-02-29T15:00:00.0,508.625,2024-03-01T21:00:00.0,504.0,Put,-1,0.0005898255099533055,512.75,0.3
2024-02-29T15:00:00.0,508.625,2024-03-01T21:00:00.0,513.0,Call,-1,0.0005505038092897518,512.75,0.28
2024-03-01T15:00:00.0,509.29,2024-03-01T21:00:00.0,506.0,Put,-1,0.00015708142708476506,512.75,0.08
2024-03-01T15:00:00.0,509.29,2024-03-01T21:00:00.0,512.0,Call,-1,0.00023562214062714757,512.75,-0.63
2024-03-04T15:00:00.0,512.425,2024-03-05T21:00:00.0,509.0,Put,-1,0.0005854515294921208,507.34,-1.360000000000025
2024-03-04T15:00:00.0,512.425,2024-03-05T21:00:00.0,516.0,Call,-1,0.0003903010196614139,507.34,0.2
2024-03-05T15:00:00.0,510.21,2024-03-06T21:00:00.0,506.0,Put,-1,0.0007251915877775818,509.96,0.37
2024-03-05T15:00:00.0,510.21,2024-03-06T21:00:00.0,515.0,Call,-1,0.000450794770780659,509.96,0.23
2024-03-06T15:00:00.0,509.8338,2024-03-07T21:00:00.0,505.0,Put,-1,0.0007257266976022382,514.81,0.37
2024-03-06T15:00:00.0,509.8338,2024-03-07T21:00:00.0,515.0,Call,-1,0.0004903558767582691,514.81,0.25
2024-03-07T15:00:00.0,513.21,2024-03-08T21:00:00.0,508.0,Put,-1,0.0009158044465228658,512.24,0.47
2024-03-07T15:00:00.0,513.21,2024-03-08T21:00:00.0,518.0,Call,-1,0.0008768340445431694,512.24,0.45
2024-03-08T15:00:00.0,517.84,2024-03-08T21:00:00.0,515.0,Put,-1,0.0005407075544569751,512.24,-2.4799999999999907
2024-03-08T15:00:00.0,517.84,2024-03-08T21:00:00.0,521.0,Call,-1,0.0003282867294917349,512.24,0.17
2024-03-11T14:00:00.0,509.47,2024-03-12T20:00:00.0,503.0,Put,-1,0.001079553261232261,516.81,0.55
2024-03-11T14:00:00.0,509.47,2024-03-12T20:00:00.0,516.0,Call,-1,0.0009028990912124365,516.81,-0.3499999999999454
2024-03-12T14:00:00.0,513.51,2024-03-13T20:00:00.0,508.0,Put,-1,0.0007594788806449729,516.07,0.39
2024-03-12T14:00:00.0,513.51,2024-03-13T20:00:00.0,518.0,Call,-1,0.0007789526980974081,516.07,0.4
2024-03-13T14:00:00.0,515.98,2024-03-14T20:00:00.0,511.0,Put,-1,0.000600798480561262,514.85,0.31
2024-03-13T14:00:00.0,515.98,2024-03-14T20:00:00.0,520.0,Call,-1,0.0007364626535912244,514.85,0.38
2024-03-14T14:00:00.0,513.61,2024-03-15T20:00:00.0,506.0,Put,-1,0.0008566811393859153,510.0,0.44
2024-03-14T14:00:00.0,513.61,2024-03-15T20:00:00.0,518.0,Call,-1,0.000661980880434571,510.0,0.34
2024-03-15T14:00:00.0,510.01,2024-03-15T20:00:00.0,506.0,Put,-1,0.00045097154957745927,510.0,0.23
2024-03-15T14:00:00.0,510.01,2024-03-15T20:00:00.0,514.0,Call,-1,0.0003529342561910551,510.0,0.18
2024-03-18T14:00:00.0,513.86,2024-03-19T20:00:00.0,509.0,Put,-1,0.0008951854590744561,515.81,0.46
2024-03-18T14:00:00.0,513.86,2024-03-19T20:00:00.0,519.0,Call,-1,0.0006616588175767719,515.81,0.34
2024-03-19T14:00:00.0,511.7782,2024-03-20T20:00:00.0,505.0,Put,-1,0.0006252708692945499,520.23,0.32
2024-03-19T14:00:00.0,511.7782,2024-03-20T20:00:00.0,517.0,Call,-1,0.0009379063039418247,520.23,-2.750000000000018
2024-03-20T14:00:00.0,515.51,2024-03-21T20:00:00.0,509.0,Put,-1,0.0009311167581618203,522.22,0.48
2024-03-20T14:00:00.0,515.51,2024-03-21T20:00:00.0,521.0,Call,-1,0.0011057011503171617,522.22,-0.6500000000000273
2024-03-21T14:00:00.0,523.3113,2024-03-22T20:00:00.0,519.0,Put,-1,0.0005159452891615373,521.3,0.27
2024-03-21T14:00:00.0,523.3113,2024-03-22T20:00:00.0,527.0,Call,-1,0.0005541634587290586,521.3,0.29
2024-03-22T14:00:00.0,521.9501,2024-03-22T20:00:00.0,519.0,Put,-1,0.0002682248743701745,521.3,0.14
2024-03-22T14:00:00.0,521.9501,2024-03-22T20:00:00.0,524.0,Call,-1,0.0002682248743701745,521.3,0.14
2024-03-25T14:00:00.0,520.25,2024-03-26T20:00:00.0,517.0,Put,-1,0.0006150888995675156,519.13,0.32
2024-03-25T14:00:00.0,520.25,2024-03-26T20:00:00.0,524.0,Call,-1,0.00034598750600672753,519.13,0.18
2024-03-26T14:00:00.0,521.35,2024-03-27T20:00:00.0,518.0,Put,-1,0.0004603433394073079,523.15,0.24
2024-03-26T14:00:00.0,521.35,2024-03-27T20:00:00.0,525.0,Call,-1,0.0003260765320801765,523.15,0.17
2024-03-27T14:00:00.0,520.9,2024-03-28T20:00:00.0,517.0,Put,-1,0.0005951238241505087,523.01,0.31
2024-03-27T14:00:00.0,520.9,2024-03-28T20:00:00.0,524.0,Call,-1,0.0005759262814359762,523.01,0.3
2024-03-28T14:00:00.0,523.39,2024-03-28T20:00:00.0,521.0,Put,-1,0.0003439118057280422,523.01,0.18
2024-03-28T14:00:00.0,523.39,2024-03-28T20:00:00.0,526.0,Call,-1,0.0001719559028640211,523.01,0.09
2024-04-01T14:00:00.0,524.02,2024-04-02T20:00:00.0,521.0,Put,-1,0.0005343307507347048,518.87,-1.8499999999999954
2024-04-01T14:00:00.0,524.02,2024-04-02T20:00:00.0,527.0,Call,-1,0.0003816648219533606,518.87,0.2
2024-04-02T14:00:00.0,517.415,2024-04-03T20:00:00.0,513.0,Put,-1,0.0007924006841703469,519.73,0.41
2024-04-02T14:00:00.0,517.415,2024-04-03T20:00:00.0,522.0,Call,-1,0.00046384430292898353,519.73,0.24
2024-04-03T14:00:00.0,519.38,2024-04-04T20:00:00.0,515.0,Put,-1,0.0006161192190688898,513.37,-1.3099999999999954
2024-04-03T14:00:00.0,519.38,2024-04-04T20:00:00.0,524.0,Call,-1,0.0003080596095344449,513.37,0.16
2024-04-04T14:00:00.0,522.9412,2024-04-05T20:00:00.0,518.0,Put,-1,0.0007075365260950945,518.34,0.37
2024-04-04T14:00:00.0,522.9412,2024-04-05T20:00:00.0,527.0,Call,-1,0.0007457817437218564,518.34,0.39
2024-04-05T14:00:00.0,515.95,2024-04-05T20:00:00.0,512.0,Put,-1,0.0006202151371256904,518.34,0.32
2024-04-05T14:00:00.0,515.95,2024-04-05T20:00:00.0,519.0,Call,-1,0.0006202151371256904,518.34,0.32
2024-04-08T14:00:00.0,518.76,2024-04-09T20:00:00.0,514.0,Put,-1,0.0008481764206955047,519.61,0.44
2024-04-08T14:00:00.0,518.76,2024-04-09T20:00:00.0,523.0,Call,-1,0.000597578841853651,519.61,0.31
2024-04-09T14:00:00.0,518.96,2024-04-10T20:00:00.0,512.0,Put,-1,0.0010212733158624942,513.87,0.53
2024-04-09T14:00:00.0,518.96,2024-04-10T20:00:00.0,525.0,Call,-1,0.000867118853090797,513.87,0.45
2024-04-10T14:00:00.0,513.59,2024-04-11T20:00:00.0,507.0,Put,-1,0.001031951556689188,517.92,0.53
2024-04-10T14:00:00.0,513.59,2024-04-11T20:00:00.0,520.0,Call,-1,0.0008372437158044354,517.92,0.43
2024-04-11T14:00:00.0,514.06,2024-04-12T20:00:00.0,507.0,Put,-1,0.000836478232112983,510.99,0.43
2024-04-11T14:00:00.0,514.06,2024-04-12T20:00:00.0,520.0,Call,-1,0.000836478232112983,510.99,0.43
2024-04-12T14:00:00.0,515.04,2024-04-12T20:00:00.0,511.0,Put,-1,0.000737806772289531,510.99,0.3700000000000091
2024-04-12T14:00:00.0,515.04,2024-04-12T20:00:00.0,519.0,Call,-1,0.0003689033861447655,510.99,0.19
2024-04-15T14:00:00.0,514.89,2024-04-16T20:00:00.0,508.0,Put,-1,0.0008739730816290859,503.16,-4.389999999999975
2024-04-15T14:00:00.0,514.89,2024-04-16T20:00:00.0,520.0,Call,-1,0.0007574433374118744,503.16,0.39
2024-04-16T14:00:00.0,504.17,2024-04-17T20:00:00.0,496.0,Put,-1,0.0010909018783346886,500.05,0.55
2024-04-16T14:00:00.0,504.17,2024-04-17T20:00:00.0,511.0,Call,-1,0.0011504056171529444,500.05,0.58
2024-04-17T14:00:00.0,504.82,2024-04-18T20:00:00.0,498.0,Put,-1,0.0008517887563884157,499.69,0.43
2024-04-17T14:00:00.0,504.82,2024-04-18T20:00:00.0,511.0,Call,-1,0.0008914068380809001,499.69,0.45
2024-04-18T14:00:00.0,500.96,2024-04-19T20:00:00.0,494.0,Put,-1,0.001018045352922389,494.92,0.51
2024-04-18T14:00:00.0,500.96,2024-04-19T20:00:00.0,507.0,Call,-1,0.0010579687000958162,494.92,0.53
2024-04-19T14:00:00.0,499.83,2024-04-19T20:00:00.0,495.0,Put,-1,0.0007202448832603085,494.92,0.2800000000000159
2024-04-19T14:00:00.0,499.83,2024-04-19T20:00:00.0,504.0,Call,-1,0.0006202108716963768,494.92,0.31
2024-04-22T14:00:00.0,497.85,2024-04-23T20:00:00.0,492.0,Put,-1,0.0010444913126443707,505.42,0.52
2024-04-22T14:00:00.0,497.85,2024-04-23T20:00:00.0,503.0,Call,-1,0.0008838003414683137,505.42,-1.980000000000016
2024-04-23T14:00:00.0,503.01,2024-04-24T20:00:00.0,497.0,Put,-1,0.0008349734597721715,505.55,0.42
2024-04-23T14:00:00.0,503.01,2024-04-24T20:00:00.0,508.0,Call,-1,0.0007952128188306396,505.55,0.4
2024-04-24T14:00:00.0,506.38,2024-04-25T20:00:00.0,500.0,Put,-1,0.0008491646589517753,504.31,0.43
2024-04-24T14:00:00.0,506.38,2024-04-25T20:00:00.0,512.0,Call,-1,0.000710928551680556,504.31,0.36
2024-04-25T14:00:00.0,497.93,2024-04-26T20:00:00.0,491.0,Put,-1,0.001064406643504107,508.28,0.53
2024-04-25T14:00:00.0,497.93,2024-04-26T20:00:00.0,505.0,Call,-1,0.000903741489767638,508.28,-2.8299999999999725
2024-04-26T14:00:00.0,507.92,2024-04-26T20:00:00.0,504.0,Put,-1,0.0006890848952590959,508.28,0.35
2024-04-26T14:00:00.0,507.92,2024-04-26T20:00:00.0,511.0,Call,-1,0.0004528272168845488,508.28,0.23
2024-04-29T14:00:00.0,509.85,2024-04-30T20:00:00.0,505.0,Put,-1,0.0008041580857114837,502.14,-2.4500000000000135
2024-04-29T14:00:00.0,509.85,2024-04-30T20:00:00.0,514.0,Call,-1,0.0006668628027851329,502.14,0.34
2024-04-30T14:00:00.0,509.1,2024-05-01T20:00:00.0,503.0,Put,-1,0.0009821253191907287,500.31,-2.1899999999999977
2024-04-30T14:00:00.0,509.1,2024-05-01T20:00:00.0,515.0,Call,-1,0.0007464152425849538,500.31,0.38
2024-05-01T14:00:00.0,500.3,2024-05-02T20:00:00.0,493.0,Put,-1,0.000779532280631621,505.5,0.39
2024-05-01T14:00:00.0,500.3,2024-05-02T20:00:00.0,508.0,Call,-1,0.0009994003597841295,505.5,0.5
2024-05-02T14:00:00.0,501.8,2024-05-03T20:00:00.0,494.0,Put,-1,0.0009764846552411319,511.51,0.49
2024-05-02T14:00:00.0,501.8,2024-05-03T20:00:00.0,509.0,Call,-1,0.0010362694300518134,511.51,-1.9899999999999909
2024-05-03T14:00:00.0,510.805,2024-05-03T20:00:00.0,506.0,Put,-1,0.0002936541341607854,511.51,0.15
2024-05-03T14:00:00.0,510.805,2024-05-03T20:00:00.0,514.0,Call,-1,0.000450269672379871,511.51,0.23
2024-05-06T14:00:00.0,514.125,2024-05-07T20:00:00.0,510.0,Put,-1,0.0006807682956479455,517.16,0.35
2024-05-06T14:00:00.0,514.125,2024-05-07T20:00:00.0,518.0,Call,-1,0.00042791150012156575,517.16,0.22
2024-05-07T14:00:00.0,517.23,2024-05-08T20:00:00.0,513.0,Put,-1,0.0006573477949848231,517.2,0.34
2024-05-07T14:00:00.0,517.23,2024-05-08T20:00:00.0,521.0,Call,-1,0.0004253426908725325,517.2,0.22
2024-05-08T14:00:00.0,516.62,2024-05-09T20:00:00.0,512.0,Put,-1,0.0005613410243505865,520.08,0.29
2024-05-08T14:00:00.0,516.62,2024-05-09T20:00:00.0,520.0,Call,-1,0.0005226278502574426,520.08,0.1899999999999591
2024-05-09T14:00:00.0,517.635,2024-05-10T20:00:00.0,513.0,Put,-1,0.0005409216919257778,520.66,0.28
2024-05-09T14:00:00.0,517.635,2024-05-10T20:00:00.0,521.0,Call,-1,0.0005409216919257778,520.66,0.28
2024-05-10T14:00:00.0,521.93,2024-05-10T20:00:00.0,519.0,Put,-1,0.00028739486137987856,520.66,0.15
2024-05-10T14:00:00.0,521.93,2024-05-10T20:00:00.0,524.0,Call,-1,0.0003065545188052038,520.66,0.16
2024-05-13T14:00:00.0,521.685,2024-05-14T20:00:00.0,517.0,Put,-1,0.0006709029395133079,523.27,0.35
2024-05-13T14:00:00.0,521.685,2024-05-14T20:00:00.0,526.0,Call,-1,0.00046004772995198253,523.27,0.24
2024-05-14T14:00:00.0,521.34,2024-05-15T20:00:00.0,515.0,Put,-1,0.0011125177427398626,529.32,0.58
2024-05-14T14:00:00.0,521.34,2024-05-15T20:00:00.0,527.0,Call,-1,0.0009782483599953965,529.32,-1.81000000000005
2024-05-15T14:00:00.0,525.951,2024-05-16T20:00:00.0,521.0,Put,-1,0.0005703953410108546,528.55,0.3
2024-05-15T14:00:00.0,525.951,2024-05-16T20:00:00.0,530.0,Call,-1,0.0005323689849434643,528.55,0.28
2024-05-16T14:00:00.0,530.22,2024-05-17T20:00:00.0,526.0,Put,-1,0.0005280826826600279,529.13,0.28
2024-05-16T14:00:00.0,530.22,2024-05-17T20:00:00.0,534.0,Call,-1,0.0003583418203764475,529.13,0.19
2024-05-17T14:00:00.0,528.79,2024-05-17T20:00:00.0,526.0,Put,-1,0.0003025775827833356,529.13,0.16
2024-05-17T14:00:00.0,528.79,2024-05-17T20:00:00.0,531.0,Call,-1,0.0002458442860114602,529.13,0.13
2024-05-20T14:00:00.0,531.0,2024-05-21T20:00:00.0,528.0,Put,-1,0.0005649717514124294,531.04,0.3
2024-05-20T14:00:00.0,531.0,2024-05-21T20:00:00.0,534.0,Call,-1,0.0003766478342749529,531.04,0.2
2024-05-21T14:00:00.0,529.6887,2024-05-22T20:00:00.0,525.0,Put,-1,0.000849555597466965,530.15,0.45
2024-05-21T14:00:00.0,529.6887,2024-05-22T20:00:00.0,535.0,Call,-1,0.000396459278817917,530.15,0.21
2024-05-22T14:00:00.0,531.14,2024-05-23T20:00:00.0,526.0,Put,-1,0.0008284068230598336,525.8,0.23999999999995453
2024-05-22T14:00:00.0,531.14,2024-05-23T20:00:00.0,537.0,Call,-1,0.0005836502617012464,525.8,0.31
2024-05-23T14:00:00.0,530.41,2024-05-24T20:00:00.0,525.0,Put,-1,0.0008106936143737864,529.57,0.43
2024-05-23T14:00:00.0,530.41,2024-05-24T20:00:00.0,535.0,Call,-1,0.0006221602156822082,529.57,0.33
2024-05-24T14:00:00.0,528.16,2024-05-24T20:00:00.0,525.0,Put,-1,0.00035973947288700395,529.57,0.19
2024-05-24T14:00:00.0,528.16,2024-05-24T20:00:00.0,531.0,Call,-1,0.0001514692517418964,529.57,0.08
2024-05-28T14:00:00.0,529.13,2024-05-29T20:00:00.0,525.0,Put,-1,0.00054806947253038,525.99,0.29
2024-05-28T14:00:00.0,529.13,2024-05-29T20:00:00.0,533.0,Call,-1,0.0003401810519154083,525.99,0.18
2024-05-29T14:00:00.0,526.2945,2024-05-30T20:00:00.0,522.0,Put,-1,0.0006650269003381187,522.44,0.35
2024-05-29T14:00:00.0,526.2945,2024-05-30T20:00:00.0,530.0,Call,-1,0.0004940199831083168,522.44,0.26
2024-05-30T14:00:00.0,524.5,2024-05-31T20:00:00.0,520.0,Put,-1,0.0006482364156339372,527.49,0.34
2024-05-30T14:00:00.0,524.5,2024-05-31T20:00:00.0,529.0,Call,-1,0.0006863679694947568,527.49,0.36
2024-05-31T14:00:00.0,522.76,2024-05-31T20:00:00.0,519.0,Put,-1,0.0002486800826383044,527.49,0.13
2024-05-31T14:00:00.0,522.76,2024-05-31T20:00:00.0,526.0,Call,-1,0.00032519703114239806,527.49,-1.3200000000000092
2024-06-03T14:00:00.0,528.496,2024-06-04T20:00:00.0,524.0,Put,-1,0.000454118858042445,528.19,0.24
2024-06-03T14:00:00.0,528.496,2024-06-04T20:00:00.0,532.0,Call,-1,0.00039735400078713933,528.19,0.21
2024-06-04T14:00:00.0,527.11,2024-06-05T20:00:00.0,522.0,Put,-1,0.0005881125381798865,534.46,0.31
2024-06-04T14:00:00.0,527.11,2024-06-05T20:00:00.0,532.0,Call,-1,0.0003794274439870236,534.46,-2.260000000000036
2024-06-05T14:00:00.0,529.88,2024-06-06T20:00:00.0,525.0,Put,-1,0.0007171435041896278,534.32,0.38
2024-06-05T14:00:00.0,529.88,2024-06-06T20:00:00.0,534.0,Call,-1,0.00024533856722276746,534.32,-0.19000000000005002
2024-06-06T14:00:00.0,534.5,2024-06-07T20:00:00.0,529.0,Put,-1,0.0008231992516370439,533.86,0.44
2024-06-06T14:00:00.0,534.5,2024-06-07T20:00:00.0,540.0,Call,-1,0.0005425631431244153,533.86,0.29
2024-06-07T14:00:00.0,534.21,2024-06-07T20:00:00.0,531.0,Put,-1,0.0005241384474270418,533.86,0.27999999999999997
2024-06-07T14:00:00.0,534.21,2024-06-07T20:00:00.0,537.0,Call,-1,0.00033694614477452686,533.86,0.18000000000000002
2024-06-10T14:00:00.0,533.11,2024-06-11T20:00:00.0,529.0,Put,-1,0.0005439777906998555,536.64,0.29
2024-06-10T14:00:00.0,533.11,2024-06-11T20:00:00.0,537.0,Call,-1,0.000356399242182664,536.64,0.19
2024-06-11T14:00:00.0,532.9799,2024-06-12T20:00:00.0,526.0,Put,-1,0.0008818343806211077,541.25,0.47
2024-06-11T14:00:00.0,532.9799,2024-06-12T20:00:00.0,540.0,Call,-1,0.0007129724779489807,541.25,-0.87
2024-06-12T14:00:00.0,542.69,2024-06-13T20:00:00.0,536.0,Put,-1,0.0008660561278077722,542.52,0.47
2024-06-12T14:00:00.0,542.69,2024-06-13T20:00:00.0,548.0,Call,-1,0.0006633621404485065,542.52,0.36
2024-06-13T14:00:00.0,542.25,2024-06-14T20:00:00.0,537.0,Put,-1,0.0005532503457814661,542.62,0.3
2024-06-13T14:00:00.0,542.25,2024-06-14T20:00:00.0,547.0,Call,-1,0.00038727524204702627,542.62,0.21
2024-06-14T14:00:00.0,540.915,2024-06-14T20:00:00.0,538.0,Put,-1,0.0004252054389321798,542.62,0.23
2024-06-14T14:00:00.0,540.915,2024-06-14T20:00:00.0,544.0,Call,-1,0.00018487192997051295,542.62,0.1
2024-06-17T14:00:00.0,542.04,2024-06-18T20:00:00.0,538.0,Put,-1,0.0006826064497085086,548.28,0.37
2024-06-17T14:00:00.0,542.04,2024-06-18T20:00:00.0,546.0,Call,-1,0.0004058741052320862,548.28,-2.0599999999999725
2024-06-18T14:00:00.0,547.6401,2024-06-18T20:00:00.0,544.0,Put,-1,0.00032868301645551525,548.28,0.18
2024-06-18T14:00:00.0,547.6401,2024-06-18T20:00:00.0,550.0,Call,-1,0.0003834635191981011,548.28,0.21
2024-06-20T14:00:00.0,549.74,2024-06-21T20:00:00.0,544.0,Put,-1,0.0008367591952559392,544.51,0.46
2024-06-20T14:00:00.0,549.74,2024-06-21T20:00:00.0,553.0,Call,-1,0.00047295084949248734,544.51,0.26
2024-06-21T14:00:00.0,544.2999,2024-06-21T20:00:00.0,541.0,Put,-1,0.00045930561442322516,544.51,0.25
2024-06-21T14:00:00.0,544.2999,2024-06-21T20:00:00.0,547.0,Call,-1,0.00040418894069243816,544.51,0.22
2024-06-24T14:00:00.0,545.8699,2024-06-25T20:00:00.0,542.0,Put,-1,0.0006778171868425058,544.6,0.37
2024-06-24T14:00:00.0,545.8699,2024-06-25T20:00:00.0,550.0,Call,-1,0.00029311013485081337,544.6,0.16
2024-06-25T14:00:00.0,543.43,2024-06-26T20:00:00.0,539.0,Put,-1,0.0005336473878880444,545.2,0.29
2024-06-25T14:00:00.0,543.43,2024-06-26T20:00:00.0,547.0,Call,-1,0.0005336473878880444,545.2,0.29
2024-06-26T14:00:00.0,543.87,2024-06-27T20:00:00.0,540.0,Put,-1,0.0005332156581536029,546.28,0.29
2024-06-26T14:00:00.0,543.87,2024-06-27T20:00:00.0,548.0,Call,-1,0.0004045084303234229,546.28,0.22
2024-06-27T14:00:00.0,546.319,2024-06-28T20:00:00.0,542.0,Put,-1,0.0006955643131576973,544.39,0.38
2024-06-27T14:00:00.0,546.319,2024-06-28T20:00:00.0,551.0,Call,-1,0.0004393037767311772,544.39,0.24
2024-06-28T14:00:00.0,548.4299,2024-06-28T20:00:00.0,545.0,Put,-1,0.00034644354729747594,544.39,-0.42000000000001364
2024-06-28T14:00:00.0,548.4299,2024-06-28T20:00:00.0,551.0,Call,-1,0.00032820967638708245,544.39,0.18
2024-07-01T14:00:00.0,545.27,2024-07-02T20:00:00.0,541.0,Put,-1,0.0006418838373649751,548.56,0.35
2024-07-01T14:00:00.0,545.27,2024-07-02T20:00:00.0,549.0,Call,-1,0.0005318466081024079,548.56,0.29
2024-07-02T14:00:00.0,545.17,2024-07-03T20:00:00.0,541.0,Put,-1,0.0004952583597776841,550.89,0.2700000000000001
2024-07-02T14:00:00.0,545.17,2024-07-03T20:00:00.0,549.0,Call,-1,0.00033017223985178936,550.89,-1.7099999999999864
2024-07-03T14:00:00.0,549.23,2024-07-03T20:00:00.0,547.0,Put,-1,9.103654206798609e-5,550.89,0.05
2024-07-03T14:00:00.0,549.23,2024-07-03T20:00:00.0,551.0,Call,-1,9.103654206798609e-5,550.89,0.05
2024-07-05T14:00:00.0,552.71,2024-07-05T20:00:00.0,550.0,Put,-1,0.0003618534131823198,554.35,0.2
2024-07-05T14:00:00.0,552.71,2024-07-05T20:00:00.0,555.0,Call,-1,0.0001809267065911599,554.35,0.1
2024-07-08T14:00:00.0,555.73,2024-07-09T20:00:00.0,552.0,Put,-1,0.0005218361434509563,555.92,0.29
2024-07-08T14:00:00.0,555.73,2024-07-09T20:00:00.0,559.0,Call,-1,0.00039587569503176,555.92,0.22
2024-07-09T14:00:00.0,556.72,2024-07-10T20:00:00.0,553.0,Put,-1,0.0005029458255496479,561.16,0.28
2024-07-09T14:00:00.0,556.72,2024-07-10T20:00:00.0,560.0,Call,-1,0.0003772093691622359,561.16,-0.9499999999999682
2024-07-10T14:00:00.0,557.285,2024-07-11T20:00:00.0,552.0,Put,-1,0.0005742124765604674,556.22,0.32
2024-07-10T14:00:00.0,557.285,2024-07-11T20:00:00.0,562.0,Call,-1,0.0005742124765604674,556.22,0.32
2024-07-11T14:00:00.0,561.88,2024-07-12T20:00:00.0,557.0,Put,-1,0.0006051114116893288,559.95,0.34
2024-07-11T14:00:00.0,561.88,2024-07-12T20:00:00.0,566.0,Call,-1,0.0006407062006122304,559.95,0.36
2024-07-12T14:00:00.0,559.3,2024-07-12T20:00:00.0,556.0,Put,-1,0.0003397103522259968,559.95,0.19
2024-07-12T14:00:00.0,559.3,2024-07-12T20:00:00.0,562.0,Call,-1,0.0002503128911138924,559.95,0.14
2024-07-15T14:00:00.0,562.0995,2024-07-16T20:00:00.0,557.0,Put,-1,0.0005870846709523848,564.57,0.33
2024-07-15T14:00:00.0,562.0995,2024-07-16T20:00:00.0,566.0,Call,-1,0.0006048751155266995,564.57,0.34
2024-07-16T14:00:00.0,563.07,2024-07-17T20:00:00.0,558.0,Put,-1,0.0005327934359848686,556.55,-1.1500000000000454
2024-07-16T14:00:00.0,563.07,2024-07-17T20:00:00.0,567.0,Call,-1,0.0006038325607828511,556.55,0.34
2024-07-17T14:00:00.0,559.32,2024-07-18T20:00:00.0,554.0,Put,-1,0.0006078809983551455,552.89,-0.7700000000000136
2024-07-17T14:00:00.0,559.32,2024-07-18T20:00:00.0,564.0,Call,-1,0.0007509118214975326,552.89,0.42
2024-07-18T14:00:00.0,558.64,2024-07-19T20:00:00.0,553.0,Put,-1,0.0006623227839037662,549.2201,-3.4098999999999977
2024-07-18T14:00:00.0,558.64,2024-07-19T20:00:00.0,564.0,Call,-1,0.0006981240154661321,549.2201,0.39
2024-07-19T14:00:00.0,552.57,2024-07-19T20:00:00.0,548.0,Put,-1,0.0004886258754546935,549.2201,0.26999999999999996
2024-07-19T14:00:00.0,552.57,2024-07-19T20:00:00.0,557.0,Call,-1,0.0004343341115152831,549.2201,0.24
2024-07-22T14:00:00.0,552.26,2024-07-23T20:00:00.0,546.0,Put,-1,0.0006518668742983377,554.11,0.36
2024-07-22T14:00:00.0,552.26,2024-07-23T20:00:00.0,558.0,Call,-1,0.0006156520479484301,554.11,0.34
2024-07-23T14:00:00.0,555.76,2024-07-24T20:00:00.0,550.0,Put,-1,0.000701741759032676,541.35,-8.259999999999977
2024-07-23T14:00:00.0,555.76,2024-07-24T20:00:00.0,561.0,Call,-1,0.00046782783935511734,541.35,0.26
2024-07-24T14:00:00.0,546.61,2024-07-25T20:00:00.0,541.0,Put,-1,0.0008598452278589853,538.18,-2.3500000000000503
2024-07-24T14:00:00.0,546.61,2024-07-25T20:00:00.0,552.0,Call,-1,0.0007500777519620935,538.18,0.41
2024-07-25T14:00:00.0,539.24,2024-07-26T20:00:00.0,532.0,Put,-1,0.0009643201542912247,544.16,0.52
2024-07-25T14:00:00.0,539.24,2024-07-26T20:00:00.0,547.0,Call,-1,0.000927230917587716,544.16,0.5
2024-07-26T14:00:00.0,543.57,2024-07-26T20:00:00.0,539.0,Put,-1,0.0007174788895634417,544.16,0.39
2024-07-26T14:00:00.0,543.57,2024-07-26T20:00:00.0,548.0,Call,-1,0.0004599223651047703,544.16,0.25
2024-07-29T14:00:00.0,547.01,2024-07-30T20:00:00.0,540.0,Put,-1,0.000895778870587375,540.84,0.49
2024-07-29T14:00:00.0,547.01,2024-07-30T20:00:00.0,553.0,Call,-1,0.0006764044533006709,540.84,0.37
2024-07-30T14:00:00.0,546.08,2024-07-31T20:00:00.0,538.0,Put,-1,0.0010804277761500146,551.37,0.59
2024-07-30T14:00:00.0,546.08,2024-07-31T20:00:00.0,554.0,Call,-1,0.0008973044242601816,551.37,0.49
2024-07-31T14:00:00.0,548.88,2024-08-01T20:00:00.0,540.0,Put,-1,0.001220667541174756,543.0,0.67
2024-07-31T14:00:00.0,548.88,2024-08-01T20:00:00.0,557.0,Call,-1,0.0009109459262498179,543.0,0.5
2024-08-01T14:00:00.0,553.55,2024-08-02T20:00:00.0,545.0,Put,-1,0.0009574564176677808,532.76,-11.71000000000001
2024-08-01T14:00:00.0,553.55,2024-08-02T20:00:00.0,561.0,Call,-1,0.000794869478818535,532.76,0.44
2024-08-02T14:00:00.0,534.27,2024-08-02T20:00:00.0,527.0,Put,-1,0.0009171392741497745,532.76,0.49
2024-08-02T14:00:00.0,534.27,2024-08-02T20:00:00.0,541.0,Call,-1,0.0009545735302375204,532.76,0.51
2024-08-05T14:00:00.0,519.8,2024-08-06T20:00:00.0,498.0,Put,-1,0.003078106964217007,521.85,1.6
2024-08-05T14:00:00.0,519.8,2024-08-06T20:00:00.0,534.0,Call,-1,0.0009619084263178146,521.85,0.5
2024-08-06T14:00:00.0,521.5699,2024-08-07T20:00:00.0,509.0,Put,-1,0.0017639054707719907,518.47,0.92
2024-08-06T14:00:00.0,521.5699,2024-08-07T20:00:00.0,532.0,Call,-1,0.0013612748741827318,518.47,0.71
2024-08-07T14:00:00.0,531.49,2024-08-08T20:00:00.0,521.0,Put,-1,0.0014299422378596023,531.77,0.76
2024-08-07T14:00:00.0,531.49,2024-08-08T20:00:00.0,539.0,Call,-1,0.0010536416489491808,531.77,0.56
2024-08-08T14:00:00.0,525.38,2024-08-09T20:00:00.0,513.0,Put,-1,0.0017320796375956452,532.89,0.91
2024-08-08T14:00:00.0,525.38,2024-08-09T20:00:00.0,535.0,Call,-1,0.001218165898968366,532.89,0.6400000000000001
2024-08-09T14:00:00.0,528.95,2024-08-09T20:00:00.0,522.0,Put,-1,0.0010776065790717457,532.89,0.57
2024-08-09T14:00:00.0,528.95,2024-08-09T20:00:00.0,535.0,Call,-1,0.0007562151432082428,532.89,0.4
2024-08-12T14:00:00.0,531.385,2024-08-13T20:00:00.0,523.0,Put,-1,0.0012232185703397725,541.74,0.65
2024-08-12T14:00:00.0,531.385,2024-08-13T20:00:00.0,538.0,Call,-1,0.0010350310979798075,541.74,-3.1900000000000093
2024-08-13T14:00:00.0,537.57,2024-08-14T20:00:00.0,529.0,Put,-1,0.0015625871979463137,543.93,0.84
2024-08-13T14:00:00.0,537.57,2024-08-14T20:00:00.0,544.0,Call,-1,0.0010975314842718157,543.93,0.59
2024-08-14T14:00:00.0,541.43,2024-08-15T20:00:00.0,533.0,Put,-1,0.0011266461038361376,553.02,0.61
2024-08-14T14:00:00.0,541.43,2024-08-15T20:00:00.0,548.0,Call,-1,0.0007941931551631791,553.02,-4.589999999999982
2024-08-15T14:00:00.0,549.99,2024-08-16T20:00:00.0,543.0,Put,-1,0.0008727431407843779,554.28,0.48000000000000004
2024-08-15T14:00:00.0,549.99,2024-08-16T20:00:00.0,555.0,Call,-1,0.0008363788432516955,554.28,0.46
2024-08-16T14:00:00.0,552.87,2024-08-16T20:00:00.0,548.0,Put,-1,0.0004883607357968419,554.28,0.27
2024-08-16T14:00:00.0,552.87,2024-08-16T20:00:00.0,556.0,Call,-1,0.0005426230397742688,554.28,0.3
2024-08-19T14:00:00.0,555.19,2024-08-20T20:00:00.0,550.0,Put,-1,0.000630414812946919,558.78,0.35000000000000003
2024-08-19T14:00:00.0,555.19,2024-08-20T20:00:00.0,559.0,Call,-1,0.0006124029611484356,558.78,0.34
2024-08-20T14:00:00.0,560.71,2024-08-21T20:00:00.0,555.0,Put,-1,0.0006420431238964884,560.83,0.36
2024-08-20T14:00:00.0,560.71,2024-08-21T20:00:00.0,565.0,Call,-1,0.00046369781170301936,560.83,0.26
2024-08-21T14:00:00.0,560.595,2024-08-22T20:00:00.0,554.0,Put,-1,0.0007492039707810451,556.18,0.42
2024-08-21T14:00:00.0,560.595,2024-08-22T20:00:00.0,566.0,Call,-1,0.000481631124073529,556.18,0.27
2024-08-22T14:00:00.0,562.295,2024-08-23T20:00:00.0,555.0,Put,-1,0.0008892129576112184,561.97,0.5
2024-08-22T14:00:00.0,562.295,2024-08-23T20:00:00.0,568.0,Call,-1,0.0007647231435456478,561.97,0.43
2024-08-23T14:00:00.0,561.0,2024-08-23T20:00:00.0,555.0,Put,-1,0.0005882352941176471,561.97,0.33
2024-08-23T14:00:00.0,561.0,2024-08-23T20:00:00.0,565.0,Call,-1,0.000516934046345811,561.97,0.29
2024-08-26T14:00:00.0,562.98,2024-08-27T20:00:00.0,558.0,Put,-1,0.0007105048136701127,561.58,0.4
2024-08-26T14:00:00.0,562.98,2024-08-27T20:00:00.0,567.0,Call,-1,0.0006394543323031013,561.58,0.36
2024-08-27T14:00:00.0,559.832,2024-08-28T20:00:00.0,553.0,Put,-1,0.0009467125852041327,557.73,0.53
2024-08-27T14:00:00.0,559.832,2024-08-28T20:00:00.0,567.0,Call,-1,0.0006966375626973807,557.73,0.39
2024-08-28T14:00:00.0,560.8,2024-08-29T20:00:00.0,554.0,Put,-1,0.000891583452211127,558.69,0.5
2024-08-28T14:00:00.0,560.8,2024-08-29T20:00:00.0,567.0,Call,-1,0.0009272467902995722,558.69,0.52
2024-08-29T14:00:00.0,561.6407,2024-08-30T20:00:00.0,556.0,Put,-1,0.0008368339402753396,563.25,0.47
2024-08-29T14:00:00.0,561.6407,2024-08-30T20:00:00.0,567.0,Call,-1,0.0006409791882960048,563.25,0.36
2024-08-30T14:00:00.0,562.07,2024-08-30T20:00:00.0,558.0,Put,-1,0.0004447844574519188,563.25,0.25
2024-08-30T14:00:00.0,562.07,2024-08-30T20:00:00.0,565.0,Call,-1,0.000426993079153842,563.25,0.24
2024-09-03T14:00:00.0,558.45,2024-09-04T20:00:00.0,552.0,Put,-1,0.00059092130002686,550.81,-0.8600000000000545
2024-09-03T14:00:00.0,558.45,2024-09-04T20:00:00.0,564.0,Call,-1,0.00068045483033396,550.81,0.38
2024-09-04T14:00:00.0,550.4346,2024-09-05T20:00:00.0,542.0,Put,-1,0.0008175358162441096,549.65,0.45
2024-09-04T14:00:00.0,550.4346,2024-09-05T20:00:00.0,558.0,Call,-1,0.0007266985033280974,549.65,0.4
2024-09-05T14:00:00.0,552.75,2024-09-06T20:00:00.0,544.0,Put,-1,0.0013749434644957034,539.87,-3.3699999999999957
2024-09-05T14:00:00.0,552.75,2024-09-06T20:00:00.0,561.0,Call,-1,0.0008683853459972862,539.87,0.48
2024-09-06T14:00:00.0,547.65,2024-09-06T20:00:00.0,541.0,Put,-1,0.0007486533369853008,539.87,-0.7199999999999955
2024-09-06T14:00:00.0,547.65,2024-09-06T20:00:00.0,553.0,Call,-1,0.00060257463708573,539.87,0.33
2024-09-09T14:00:00.0,545.32,2024-09-10T20:00:00.0,538.0,Put,-1,0.001155284970292672,548.57,0.63
2024-09-09T14:00:00.0,545.32,2024-09-10T20:00:00.0,552.0,Call,-1,0.0006968385535098657,548.57,0.38
2024-09-10T14:00:00.0,547.88,2024-09-11T20:00:00.0,540.0,Put,-1,0.0011133824925166095,554.22,0.61
2024-09-10T14:00:00.0,547.88,2024-09-11T20:00:00.0,555.0,Call,-1,0.0007300868803387603,554.22,0.4
2024-09-11T14:00:00.0,543.85,2024-09-12T20:00:00.0,536.0,Put,-1,0.0009929208421439735,558.71,0.54
2024-09-11T14:00:00.0,543.85,2024-09-12T20:00:00.0,551.0,Call,-1,0.0009193711501333088,558.71,-7.210000000000036
2024-09-12T14:00:00.0,553.583,2024-09-13T20:00:00.0,545.0,Put,-1,0.0010657841732856681,561.89,0.59
2024-09-12T14:00:00.0,553.583,2024-09-13T20:00:00.0,560.0,Call,-1,0.000867078649452747,561.89,-1.4099999999999864
2024-09-13T14:00:00.0,560.86,2024-09-13T20:00:00.0,556.0,Put,-1,0.000499233320258175,561.89,0.28
2024-09-13T14:00:00.0,560.86,2024-09-13T20:00:00.0,565.0,Call,-1,0.0002496166601290875,561.89,0.14
2024-09-16T14:00:00.0,562.71,2024-09-17T20:00:00.0,556.0,Put,-1,0.0008174725880115868,563.03,0.46
2024-09-16T14:00:00.0,562.71,2024-09-17T20:00:00.0,568.0,Call,-1,0.00046204972365872297,563.03,0.26
2024-09-17T14:00:00.0,564.41,2024-09-18T20:00:00.0,556.0,Put,-1,0.0012579507804610123,561.29,0.71
2024-09-17T14:00:00.0,564.41,2024-09-18T20:00:00.0,572.0,Call,-1,0.0008504455980581492,561.29,0.48
2024-09-18T14:00:00.0,563.0,2024-09-19T20:00:00.0,552.0,Put,-1,0.0012966252220248668,570.715,0.73
2024-09-18T14:00:00.0,563.0,2024-09-19T20:00:00.0,572.0,Call,-1,0.0010124333925399644,570.715,0.57
2024-09-19T14:00:00.0,569.75,2024-09-20T20:00:00.0,561.0,Put,-1,0.00121105748135147,568.07,0.69
2024-09-19T14:00:00.0,569.75,2024-09-20T20:00:00.0,575.0,Call,-1,0.0005967529618253621,568.07,0.34
2024-09-20T14:00:00.0,566.8,2024-09-20T20:00:00.0,562.0,Put,-1,0.0004940014114326042,568.07,0.2800000000000001
2024-09-20T14:00:00.0,566.8,2024-09-20T20:00:00.0,571.0,Call,-1,0.0003528581510232887,568.07,0.20000000000000004
2024-09-23T14:00:00.0,568.97,2024-09-24T20:00:00.0,564.0,Put,-1,0.0008436297168567762,571.09,0.48
2024-09-23T14:00:00.0,568.97,2024-09-24T20:00:00.0,573.0,Call,-1,0.00047454171573193664,571.09,0.27
2024-09-24T14:00:00.0,568.4599,2024-09-25T20:00:00.0,563.0,Put,-1,0.0004573761491355855,569.95,0.26
2024-09-24T14:00:00.0,568.4599,2024-09-25T20:00:00.0,573.0,Call,-1,0.00042219336843284816,569.95,0.24
2024-09-25T14:00:00.0,571.5,2024-09-26T20:00:00.0,567.0,Put,-1,0.000647419072615923,572.37,0.37
2024-09-25T14:00:00.0,571.5,2024-09-26T20:00:00.0,575.0,Call,-1,0.0005249343832020997,572.37,0.3
2024-09-26T14:00:00.0,573.73,2024-09-27T20:00:00.0,569.0,Put,-1,0.000592613250135081,571.32,0.34
2024-09-26T14:00:00.0,573.73,2024-09-27T20:00:00.0,578.0,Call,-1,0.00048803444128771376,571.32,0.28
2024-09-27T14:00:00.0,573.33,2024-09-27T20:00:00.0,570.0,Put,-1,0.00036628119930929827,571.32,0.21
2024-09-27T14:00:00.0,573.33,2024-09-27T20:00:00.0,576.0,Call,-1,0.00015697765684684212,571.32,0.09
2024-09-30T14:00:00.0,570.7375,2024-10-01T20:00:00.0,564.0,Put,-1,0.0008585382947502135,569.151,0.49
2024-09-30T14:00:00.0,570.7375,2024-10-01T20:00:00.0,576.0,Call,-1,0.000525635690663396,569.151,0.3
2024-10-01T14:00:00.0,569.42,2024-10-02T20:00:00.0,562.0,Put,-1,0.00098345685083067,568.82,0.56
2024-10-01T14:00:00.0,569.42,2024-10-02T20:00:00.0,576.0,Call,-1,0.0005795370728109304,568.82,0.32999999999999996
2024-10-02T14:00:00.0,567.17,2024-10-03T20:00:00.0,560.0,Put,-1,0.0010931466755999084,567.79,0.62
2024-10-02T14:00:00.0,567.17,2024-10-03T20:00:00.0,574.0,Call,-1,0.000581836133787048,567.79,0.33
2024-10-03T14:00:00.0,568.58,2024-10-04T20:00:00.0,560.0,Put,-1,0.001195961869921559,572.81,0.68
2024-10-03T14:00:00.0,568.58,2024-10-04T20:00:00.0,576.0,Call,-1,0.0008266207042104892,572.81,0.47
2024-10-04T14:00:00.0,570.09,2024-10-04T20:00:00.0,565.0,Put,-1,0.0007367257801399778,572.81,0.42
2024-10-04T14:00:00.0,570.09,2024-10-04T20:00:00.0,574.0,Call,-1,0.0005613148801066498,572.81,0.32
2024-10-07T14:00:00.0,571.04,2024-10-08T20:00:00.0,564.0,Put,-1,0.0008405715886803027,572.91,0.48
2024-10-07T14:00:00.0,571.04,2024-10-08T20:00:00.0,576.0,Call,-1,0.0005778929672177081,572.91,0.33
2024-10-08T14:00:00.0,571.2699,2024-10-09T20:00:00.0,565.0,Put,-1,0.0009102527544335874,576.92,0.52
2024-10-08T14:00:00.0,571.2699,2024-10-09T20:00:00.0,576.0,Call,-1,0.0004201166558924249,576.92,-0.6799999999999591
2024-10-09T14:00:00.0,573.68,2024-10-10T20:00:00.0,567.0,Put,-1,0.0009238599916329662,576.07,0.53
2024-10-09T14:00:00.0,573.68,2024-10-10T20:00:00.0,579.0,Call,-1,0.0006798215032770883,576.07,0.39
2024-10-10T14:00:00.0,575.92,2024-10-11T20:00:00.0,569.0,Put,-1,0.0007813585220169468,579.61,0.44999999999999996
2024-10-10T14:00:00.0,575.92,2024-10-11T20:00:00.0,581.0,Call,-1,0.0005729962494790944,579.61,0.33
2024-10-11T14:00:00.0,577.105,2024-10-11T20:00:00.0,573.0,Put,-1,0.00034655738557108325,579.61,0.2
2024-10-11T14:00:00.0,577.105,2024-10-11T20:00:00.0,580.0,Call,-1,0.0002425901698997583,579.61,0.14
2024-10-14T14:00:00.0,583.28,2024-10-15T20:00:00.0,578.0,Put,-1,0.0006171992867919353,579.87,0.36
2024-10-14T14:00:00.0,583.28,2024-10-15T20:00:00.0,587.0,Call,-1,0.0004628994650939515,579.87,0.27
2024-10-15T14:00:00.0,584.238,2024-10-16T20:00:00.0,579.0,Put,-1,0.0005819546143866027,582.13,0.34
2024-10-15T14:00:00.0,584.238,2024-10-16T20:00:00.0,590.0,Call,-1,0.0001882794340662538,582.13,0.11
2024-10-16T14:00:00.0,579.18,2024-10-17T20:00:00.0,574.0,Put,-1,0.0007769605304050555,582.53,0.45
2024-10-16T14:00:00.0,579.18,2024-10-17T20:00:00.0,584.0,Call,-1,0.0005525052660658173,582.53,0.32
2024-10-17T14:00:00.0,584.06,2024-10-18T20:00:00.0,578.0,Put,-1,0.0006506180871828237,584.54,0.38
2024-10-17T14:00:00.0,584.06,2024-10-18T20:00:00.0,589.0,Call,-1,0.0005992535013526008,584.54,0.35
2024-10-18T14:00:00.0,583.435,2024-10-18T20:00:00.0,580.0,Put,-1,0.00032565752825936055,584.54,0.19
2024-10-18T14:00:00.0,583.435,2024-10-18T20:00:00.0,586.0,Call,-1,0.0002399581787174236,584.54,0.14
2024-10-21T14:00:00.0,584.11,2024-10-22T20:00:00.0,580.0,Put,-1,0.0006505623940696102,583.08,0.38
2024-10-21T14:00:00.0,584.11,2024-10-22T20:00:00.0,588.0,Call,-1,0.00035952132303846877,583.08,0.21
2024-10-22T14:00:00.0,581.3157,2024-10-23T20:00:00.0,576.0,Put,-1,0.0006536895528539828,577.79,0.38
2024-10-22T14:00:00.0,581.3157,2024-10-23T20:00:00.0,586.0,Call,-1,0.00043005891635130444,577.79,0.24999999999999997
2024-10-23T14:00:00.0,581.09,2024-10-24T20:00:00.0,576.0,Put,-1,0.0005506892219793836,579.5,0.32
2024-10-23T14:00:00.0,581.09,2024-10-24T20:00:00.0,586.0,Call,-1,0.00039580787829768195,579.5,0.23
2024-10-24T14:00:00.0,579.38,2024-10-25T20:00:00.0,573.0,Put,-1,0.0007076530083882771,579.04,0.41
2024-10-24T14:00:00.0,579.38,2024-10-25T20:00:00.0,584.0,Call,-1,0.0006558735199696228,579.04,0.38000000000000006
2024-10-25T14:00:00.0,583.62,2024-10-25T20:00:00.0,580.0,Put,-1,0.00034268873582125355,579.04,-0.7600000000000364
2024-10-25T14:00:00.0,583.62,2024-10-25T20:00:00.0,586.0,Call,-1,0.00025701655186594015,579.04,0.15
2024-10-28T14:00:00.0,581.655,2024-10-29T20:00:00.0,576.0,Put,-1,0.0008940007392698421,582.03,0.52
2024-10-28T14:00:00.0,581.655,2024-10-29T20:00:00.0,586.0,Call,-1,0.0006533082325433461,582.03,0.38
2024-10-29T14:00:00.0,579.8,2024-10-30T20:00:00.0,573.0,Put,-1,0.000741635046567782,579.04,0.43
2024-10-29T14:00:00.0,579.8,2024-10-30T20:00:00.0,585.0,Call,-1,0.0006209037599172128,579.04,0.36
2024-10-30T14:00:00.0,581.89,2024-10-31T20:00:00.0,575.0,Put,-1,0.0009108250700304182,569.22,-5.2499999999999725
2024-10-30T14:00:00.0,581.89,2024-10-31T20:00:00.0,587.0,Call,-1,0.0007561566619120453,569.22,0.44
2024-10-31T14:00:00.0,573.51,2024-11-01T20:00:00.0,566.0,Put,-1,0.0010287527680424055,571.39,0.59
2024-10-31T14:00:00.0,573.51,2024-11-01T20:00:00.0,581.0,Call,-1,0.0009415703300727102,571.39,0.54
2024-11-01T14:00:00.0,573.09,2024-11-01T20:00:00.0,569.0,Put,-1,0.0004885794552339075,571.39,0.28
2024-11-01T14:00:00.0,573.09,2024-11-01T20:00:00.0,576.0,Call,-1,0.0004885794552339075,571.39,0.28
2024-11-04T15:00:00.0,571.28,2024-11-05T21:00:00.0,564.0,Put,-1,0.0007877048032488448,576.77,0.45
2024-11-04T15:00:00.0,571.28,2024-11-05T21:00:00.0,577.0,Call,-1,0.0006126592914157681,576.77,0.35
2024-11-05T15:00:00.0,574.0,2024-11-06T21:00:00.0,562.0,Put,-1,0.0018989547038327527,591.24,1.09
2024-11-05T15:00:00.0,574.0,2024-11-06T21:00:00.0,584.0,Call,-1,0.0012195121951219512,591.24,-6.540000000000009
2024-11-06T15:00:00.0,586.49,2024-11-07T21:00:00.0,578.0,Put,-1,0.0012446930041432932,595.5299,0.73
2024-11-06T15:00:00.0,586.49,2024-11-07T21:00:00.0,594.0,Call,-1,0.0007331753312076932,595.5299,-1.0998999999999979
2024-11-07T15:00:00.0,594.05,2024-11-08T21:00:00.0,587.0,Put,-1,0.0007743455938052353,598.3,0.46
2024-11-07T15:00:00.0,594.05,2024-11-08T21:00:00.0,600.0,Call,-1,0.0006396767948825857,598.3,0.38
2024-11-08T15:00:00.0,597.36,2024-11-08T21:00:00.0,594.0,Put,-1,0.0003013258336681398,598.3,0.18
2024-11-08T15:00:00.0,597.36,2024-11-08T21:00:00.0,600.0,Call,-1,0.0002343645372974421,598.3,0.14
2024-11-11T15:00:00.0,599.18,2024-11-12T21:00:00.0,594.0,Put,-1,0.0007176474515170734,597.06,0.43
2024-11-11T15:00:00.0,599.18,2024-11-12T21:00:00.0,603.0,Call,-1,0.000534063219733636,597.06,0.32
2024-11-12T15:00:00.0,598.97,2024-11-13T21:00:00.0,593.0,Put,-1,0.0005843364442292601,597.21,0.3499999999999999
2024-11-12T15:00:00.0,598.97,2024-11-13T21:00:00.0,604.0,Call,-1,0.00038399252049351384,597.21,0.22999999999999998
2024-11-13T15:00:00.0,596.58,2024-11-14T21:00:00.0,592.0,Put,-1,0.0006202018170237018,593.26,0.37
2024-11-13T15:00:00.0,596.58,2024-11-14T21:00:00.0,601.0,Call,-1,0.0005699151832109692,593.26,0.34
2024-11-14T15:00:00.0,596.13,2024-11-15T21:00:00.0,591.0,Put,-1,0.0007380940398906279,586.31,-4.250000000000054
2024-11-14T15:00:00.0,596.13,2024-11-15T21:00:00.0,601.0,Call,-1,0.0005703453944609398,586.31,0.34
2024-11-15T15:00:00.0,588.4,2024-11-15T21:00:00.0,585.0,Put,-1,0.000424881033310673,586.31,0.25
2024-11-15T15:00:00.0,588.4,2024-11-15T21:00:00.0,592.0,Call,-1,0.00033990482664853844,586.31,0.2
2024-11-18T15:00:00.0,585.75,2024-11-19T21:00:00.0,580.0,Put,-1,0.0006999573196756295,590.68,0.41
2024-11-18T15:00:00.0,585.75,2024-11-19T21:00:00.0,591.0,Call,-1,0.0004268032437046522,590.68,0.25
2024-11-19T15:00:00.0,584.645,2024-11-20T21:00:00.0,577.0,Put,-1,0.001077576991165579,590.69,0.63
2024-11-19T15:00:00.0,584.645,2024-11-20T21:00:00.0,592.0,Call,-1,0.000889428627628732,590.69,0.52
2024-11-20T15:00:00.0,587.9399,2024-11-21T21:00:00.0,580.0,Put,-1,0.001071538094284807,593.68,0.63
2024-11-20T15:00:00.0,587.9399,2024-11-21T21:00:00.0,595.0,Call,-1,0.0007823928942397004,593.68,0.46
2024-11-21T15:00:00.0,589.33,2024-11-22T21:00:00.0,582.0,Put,-1,0.0008484210883545721,595.8397,0.5
2024-11-21T15:00:00.0,589.33,2024-11-22T21:00:00.0,596.0,Call,-1,0.0008653895101216635,595.8397,0.51
2024-11-22T15:00:00.0,595.465,2024-11-22T21:00:00.0,591.0,Put,-1,0.00038625276044771734,595.8397,0.23
2024-11-22T15:00:00.0,595.465,2024-11-22T21:00:00.0,599.0,Call,-1,0.00025190397420503304,595.8397,0.15
2024-11-25T15:00:00.0,598.97,2024-11-26T21:00:00.0,594.0,Put,-1,0.0005676411172512814,600.96,0.34
2024-11-25T15:00:00.0,598.97,2024-11-26T21:00:00.0,603.0,Call,-1,0.0004674691553834082,600.96,0.28
2024-11-26T15:00:00.0,598.76,2024-11-27T21:00:00.0,594.0,Put,-1,0.00045093192598035946,598.82,0.27
2024-11-26T15:00:00.0,598.76,2024-11-27T21:00:00.0,603.0,Call,-1,0.0003173224664306233,598.82,0.18999999999999997
2024-11-27T15:00:00.0,600.19,2024-11-27T21:00:00.0,597.0,Put,-1,0.00028324363951415384,598.82,0.17
2024-11-27T15:00:00.0,600.19,2024-11-27T21:00:00.0,603.0,Call,-1,0.0001832752961562172,598.82,0.11000000000000001
2024-11-29T15:00:00.0,600.83,2024-11-29T21:00:00.0,599.0,Put,-1,0.00031622921625085296,602.78,0.19
2024-11-29T15:00:00.0,600.83,2024-11-29T21:00:00.0,603.0,Call,-1,9.986185776342725e-5,602.78,0.06
2024-12-02T15:00:00.0,603.15,2024-12-03T21:00:00.0,599.0,Put,-1,0.0005968664511315593,603.92,0.36
2024-12-02T15:00:00.0,603.15,2024-12-03T21:00:00.0,607.0,Call,-1,0.0002818536019232364,603.92,0.17
2024-12-03T15:00:00.0,603.44,2024-12-04T21:00:00.0,599.0,Put,-1,0.0005302929868752485,607.37,0.32
2024-12-03T15:00:00.0,603.44,2024-12-04T21:00:00.0,607.0,Call,-1,0.0003811480843165849,607.37,-0.14000000000000454
2024-12-04T15:00:00.0,605.5399,2024-12-05T21:00:00.0,602.0,Put,-1,0.0005779965944440655,606.41,0.35
2024-12-04T15:00:00.0,605.5399,2024-12-05T21:00:00.0,609.0,Call,-1,0.0002642270146030014,606.41,0.16
2024-12-05T15:00:00.0,607.87,2024-12-06T21:00:00.0,603.0,Put,-1,0.0004935265764061395,607.94,0.30000000000000004
2024-12-05T15:00:00.0,607.87,2024-12-06T21:00:00.0,612.0,Call,-1,0.00037837037524470694,607.94,0.23
2024-12-06T15:00:00.0,608.77,2024-12-06T21:00:00.0,606.0,Put,-1,0.0002463984756147642,607.94,0.15
2024-12-06T15:00:00.0,608.77,2024-12-06T21:00:00.0,611.0,Call,-1,0.00013141252032787423,607.94,0.08
2024-12-09T15:00:00.0,607.43,2024-12-10T21:00:00.0,604.0,Put,-1,0.00042803285975338726,602.92,-0.8200000000000409
2024-12-09T15:00:00.0,607.43,2024-12-10T21:00:00.0,610.0,Call,-1,0.00042803285975338726,602.92,0.26
2024-12-10T15:00:00.0,604.95,2024-12-11T21:00:00.0,601.0,Put,-1,0.0005785602115877344,607.24,0.35
2024-12-10T15:00:00.0,604.95,2024-12-11T21:00:00.0,609.0,Call,-1,0.0004297875857508885,607.24,0.26
2024-12-11T15:00:00.0,606.5,2024-12-12T21:00:00.0,603.0,Put,-1,0.0005770816158285243,604.32,0.35
2024-12-11T15:00:00.0,606.5,2024-12-12T21:00:00.0,610.0,Call,-1,0.0002967848309975268,604.32,0.18
2024-12-12T15:00:00.0,606.02,2024-12-13T21:00:00.0,602.0,Put,-1,0.00044552985049998355,604.08,0.27
2024-12-12T15:00:00.0,606.02,2024-12-13T21:00:00.0,610.0,Call,-1,0.0002805187947592489,604.08,0.17
2024-12-13T15:00:00.0,605.98,2024-12-13T21:00:00.0,603.0,Put,-1,0.00016502194791907324,604.08,0.1
2024-12-13T15:00:00.0,605.98,2024-12-13T21:00:00.0,608.0,Call,-1,0.0002640351166705172,604.08,0.16
2024-12-16T15:00:00.0,606.5,2024-12-17T21:00:00.0,603.0,Put,-1,0.0004946413849958779,603.88,0.3
2024-12-16T15:00:00.0,606.5,2024-12-17T21:00:00.0,610.0,Call,-1,0.00018136850783182193,603.88,0.11
2024-12-17T15:00:00.0,604.13,2024-12-18T21:00:00.0,598.0,Put,-1,0.0006124509625411749,586.27,-11.360000000000019
2024-12-17T15:00:00.0,604.13,2024-12-18T21:00:00.0,609.0,Call,-1,0.0005296873189545297,586.27,0.32
2024-12-18T15:00:00.0,604.53,2024-12-19T21:00:00.0,598.0,Put,-1,0.0007443799315170463,586.38,-11.170000000000005
2024-12-18T15:00:00.0,604.53,2024-12-19T21:00:00.0,610.0,Call,-1,0.000727838155261112,586.38,0.44
2024-12-19T15:00:00.0,590.5499,2024-12-20T21:00:00.0,580.0,Put,-1,0.0013546696053965974,591.97,0.8
2024-12-19T15:00:00.0,590.5499,2024-12-20T21:00:00.0,597.0,Call,-1,0.0007789350231030435,591.97,0.46
2024-12-20T15:00:00.0,582.22,2024-12-20T21:00:00.0,576.0,Put,-1,0.000532444780323589,591.97,0.31
2024-12-20T15:00:00.0,582.22,2024-12-20T21:00:00.0,588.0,Call,-1,0.000566796056473498,591.97,-3.640000000000027
2024-12-26T15:00:00.0,600.02,2024-12-27T21:00:00.0,595.0,Put,-1,0.0007666411119629347,595.12,0.4600000000000001
2024-12-26T15:00:00.0,600.02,2024-12-27T21:00:00.0,605.0,Call,-1,0.0004499850004999834,595.12,0.27
2024-12-27T15:00:00.0,596.04,2024-12-27T21:00:00.0,592.0,Put,-1,0.00028521575733172274,595.12,0.17
2024-12-27T15:00:00.0,596.04,2024-12-27T21:00:00.0,600.0,Call,-1,0.00038588014227233076,595.12,0.23
2024-12-30T15:00:00.0,584.81,2024-12-31T21:00:00.0,576.0,Put,-1,0.000872078110839418,586.18,0.51
2024-12-30T15:00:00.0,584.81,2024-12-31T21:00:00.0,593.0,Call,-1,0.0008378789692378722,586.18,0.49
2024-12-31T15:00:00.0,590.14,2024-12-31T21:00:00.0,585.0,Put,-1,0.0007116955298742671,586.18,0.42
2024-12-31T15:00:00.0,590.14,2024-12-31T21:00:00.0,595.0,Call,-1,0.000643915003219575,586.18,0.38
2025-01-02T15:00:00.0,590.18,2025-01-03T21:00:00.0,582.5,Put,-1,0.0009658070419194144,591.82,0.57
2025-01-02T15:00:00.0,590.18,2025-01-03T21:00:00.0,597.0,Call,-1,0.0006777593276627471,591.82,0.4
2025-01-03T15:00:00.0,587.74,2025-01-03T21:00:00.0,583.0,Put,-1,0.0005274441079388846,591.82,0.31
2025-01-03T15:00:00.0,587.74,2025-01-03T21:00:00.0,592.0,Call,-1,0.0004764011297512506,591.82,0.28
2025-01-06T15:00:00.0,597.84,2025-01-07T21:00:00.0,592.0,Put,-1,0.0008196172889067308,588.8,-2.7100000000000453
2025-01-06T15:00:00.0,597.84,2025-01-07T21:00:00.0,603.0,Call,-1,0.0004516258530710558,588.8,0.27
2025-01-07T15:00:00.0,595.13,2025-01-08T21:00:00.0,589.0,Put,-1,0.0007057281602338985,589.93,0.42
2025-01-07T15:00:00.0,595.13,2025-01-08T21:00:00.0,601.0,Call,-1,0.0005208945944583537,589.93,0.31
2025-01-10T15:00:00.0,581.34,2025-01-10T21:00:00.0,576.0,Put,-1,0.00043004093989747823,580.71,0.25
2025-01-10T15:00:00.0,581.34,2025-01-10T21:00:00.0,587.0,Call,-1,0.0005848556782605704,580.71,0.34
2025-01-13T15:00:00.0,577.38,2025-01-14T21:00:00.0,569.0,Put,-1,0.0010045377394436938,582.6,0.58
2025-01-13T15:00:00.0,577.38,2025-01-14T21:00:00.0,585.0,Call,-1,0.0008486611936679483,582.6,0.49
2025-01-14T15:00:00.0,582.4,2025-01-15T21:00:00.0,572.0,Put,-1,0.0011675824175824178,592.81,0.68
2025-01-14T15:00:00.0,582.4,2025-01-15T21:00:00.0,591.0,Call,-1,0.0010473901098901099,592.81,-1.1999999999999456
2025-01-15T15:00:00.0,592.24,2025-01-16T21:00:00.0,585.0,Put,-1,0.0010806429825746318,591.64,0.64
2025-01-15T15:00:00.0,592.24,2025-01-16T21:00:00.0,598.0,Call,-1,0.0007429420505200594,591.64,0.44
2025-01-16T15:00:00.0,591.66,2025-01-17T21:00:00.0,585.0,Put,-1,0.0008957847412365211,597.51,0.53
2025-01-16T15:00:00.0,591.66,2025-01-17T21:00:00.0,598.0,Call,-1,0.0007098671534327148,597.51,0.42
2025-01-17T15:00:00.0,596.6829,2025-01-17T21:00:00.0,592.0,Put,-1,0.000435742334831449,597.51,0.26
2025-01-17T15:00:00.0,596.6829,2025-01-17T21:00:00.0,600.0,Call,-1,0.0003016677702679262,597.51,0.18
2025-01-21T15:00:00.0,600.23,2025-01-22T21:00:00.0,593.0,Put,-1,0.0008163537310697565,606.375,0.49
2025-01-21T15:00:00.0,600.23,2025-01-22T21:00:00.0,606.0,Call,-1,0.0004998084067774019,606.375,-0.07500000000000001
2025-01-22T15:00:00.0,606.63,2025-01-23T21:00:00.0,601.0,Put,-1,0.000609926973608295,609.42,0.37
2025-01-22T15:00:00.0,606.63,2025-01-23T21:00:00.0,611.0,Call,-1,0.00031320574320425963,609.42,0.19000000000000003
2025-01-23T15:00:00.0,606.09,2025-01-24T21:00:00.0,601.0,Put,-1,0.0006434687917635995,607.82,0.39
2025-01-23T15:00:00.0,606.09,2025-01-24T21:00:00.0,610.0,Call,-1,0.0005774719926083584,607.82,0.35
2025-01-24T15:00:00.0,610.27,2025-01-24T21:00:00.0,607.0,Put,-1,0.0003113376046667868,607.82,0.18999999999999997
2025-01-24T15:00:00.0,610.27,2025-01-24T21:00:00.0,612.5,Call,-1,0.00034410998410539596,607.82,0.21
2025-01-27T15:00:00.0,598.49,2025-01-28T21:00:00.0,591.0,Put,-1,0.0010025230162575816,604.19,0.6
2025-01-27T15:00:00.0,598.49,2025-01-28T21:00:00.0,605.0,Call,-1,0.0008020184130060653,604.19,0.48
2025-01-28T15:00:00.0,599.2,2025-01-29T21:00:00.0,591.0,Put,-1,0.0012182910547396527,600.94,0.73
2025-01-28T15:00:00.0,599.2,2025-01-29T21:00:00.0,606.0,Call,-1,0.0009679572763684912,600.94,0.58
2025-01-29T15:00:00.0,603.47,2025-01-30T21:00:00.0,595.0,Put,-1,0.0012096707375677332,605.32,0.73
2025-01-29T15:00:00.0,603.47,2025-01-30T21:00:00.0,611.0,Call,-1,0.0007953999370308382,605.32,0.48
2025-01-30T15:00:00.0,604.6285,2025-01-31T21:00:00.0,598.0,Put,-1,0.0008931103975416309,602.05,0.54
2025-01-30T15:00:00.0,604.6285,2025-01-31T21:00:00.0,611.0,Call,-1,0.0005623287688225083,602.05,0.33999999999999997
2025-01-31T15:00:00.0,608.14,2025-01-31T21:00:00.0,604.0,Put,-1,0.0004275331338178709,602.05,-1.6900000000000455
2025-01-31T15:00:00.0,608.14,2025-01-31T21:00:00.0,611.0,Call,-1,0.00036175880553819843,602.05,0.22
2025-02-03T15:00:00.0,591.86,2025-02-04T21:00:00.0,582.0,Put,-1,0.0011320244652451594,601.8,0.67
2025-02-03T15:00:00.0,591.86,2025-02-04T21:00:00.0,600.0,Call,-1,0.0008616902645895988,601.8,-1.2899999999999545
2025-02-04T15:00:00.0,599.48,2025-02-05T21:00:00.0,592.0,Put,-1,0.0009508240475078401,604.15,0.57
2025-02-04T15:00:00.0,599.48,2025-02-05T21:00:00.0,606.0,Call,-1,0.0008006939347434442,604.15,0.4799999999999999
2025-02-05T15:00:00.0,600.54,2025-02-06T21:00:00.0,593.0,Put,-1,1.6651680154527592e-5,605.63,0.01
2025-02-05T15:00:00.0,600.54,2025-02-06T21:00:00.0,606.0,Call,-1,0.0007659772871082693,605.63,0.46
2025-02-06T15:00:00.0,605.26,2025-02-07T21:00:00.0,598.0,Put,-1,0.0009252222185507056,601.14,0.56
2025-02-06T15:00:00.0,605.26,2025-02-07T21:00:00.0,611.0,Call,-1,0.0007104384892442918,601.14,0.43000000000000005
2025-02-07T15:00:00.0,606.46,2025-02-07T21:00:00.0,602.0,Put,-1,0.00023084787125284437,601.14,-0.7200000000000136
2025-02-07T15:00:00.0,606.46,2025-02-07T21:00:00.0,610.0,Call,-1,9.893480196550472e-5,601.14,0.06
2025-02-10T15:00:00.0,603.59,2025-02-11T21:00:00.0,597.0,Put,-1,0.000960917178879703,605.15,0.58
2025-02-10T15:00:00.0,603.59,2025-02-11T21:00:00.0,609.0,Call,-1,0.0004970261270067429,605.15,0.3
2025-02-11T15:00:00.0,603.48,2025-02-12T21:00:00.0,596.0,Put,-1,0.0008948101014118116,603.49,0.54
2025-02-11T15:00:00.0,603.48,2025-02-12T21:00:00.0,609.0,Call,-1,0.0006628222973420826,603.49,0.4
2025-02-12T15:00:00.0,600.8,2025-02-13T21:00:00.0,593.0,Put,-1,0.0007490013315579228,609.43,0.45
2025-02-12T15:00:00.0,600.8,2025-02-13T21:00:00.0,606.0,Call,-1,0.0006990679094540613,609.43,-3.00999999999995
2025-02-13T15:00:00.0,605.0,2025-02-14T21:00:00.0,598.0,Put,-1,0.0007603305785123968,609.49,0.46
2025-02-13T15:00:00.0,605.0,2025-02-14T21:00:00.0,610.0,Call,-1,0.0005454545454545455,609.49,0.33
2025-02-14T15:00:00.0,610.385,2025-02-14T21:00:00.0,606.0,Put,-1,0.0003768113567666309,609.49,0.22999999999999998
2025-02-14T15:00:00.0,610.385,2025-02-14T21:00:00.0,613.0,Call,-1,0.00032766204936228774,609.49,0.2
2025-02-18T15:00:00.0,609.835,2025-02-19T21:00:00.0,604.0,Put,-1,0.0006723130026974509,612.4,0.41
2025-02-18T15:00:00.0,609.835,2025-02-19T21:00:00.0,614.0,Call,-1,0.000590323612124591,612.4,0.36
2025-02-19T15:00:00.0,610.06,2025-02-20T21:00:00.0,605.0,Put,-1,0.0006884568730944498,610.22,0.42
2025-02-19T15:00:00.0,610.06,2025-02-20T21:00:00.0,614.0,Call,-1,0.0004425794184178606,610.22,0.27
2025-02-20T15:00:00.0,607.55,2025-02-21T21:00:00.0,600.0,Put,-1,0.0006090033742078842,600.25,0.37
2025-02-20T15:00:00.0,607.55,2025-02-21T21:00:00.0,613.0,Call,-1,0.0008065179820590898,600.25,0.49
2025-02-21T15:00:00.0,608.18,2025-02-21T21:00:00.0,604.0,Put,-1,0.00032885001150975045,600.25,-3.55
2025-02-21T15:00:00.0,608.18,2025-02-21T21:00:00.0,611.0,Call,-1,0.00032885001150975045,600.25,0.2
2025-02-24T15:00:00.0,599.0,2025-02-25T21:00:00.0,590.0,Put,-1,0.0009682804674457429,594.6,0.58
2025-02-24T15:00:00.0,599.0,2025-02-25T21:00:00.0,606.0,Call,-1,0.0006010016694490818,594.6,0.36
2025-02-25T15:00:00.0,594.125,2025-02-26T21:00:00.0,584.0,Put,-1,0.0009257311171891438,594.87,0.55
2025-02-25T15:00:00.0,594.125,2025-02-26T21:00:00.0,602.0,Call,-1,0.001094045865768988,594.87,0.65
2025-02-26T15:00:00.0,597.52,2025-02-27T21:00:00.0,588.0,Put,-1,0.0010543580131208998,584.93,-2.44000000000005
2025-02-26T15:00:00.0,597.52,2025-02-27T21:00:00.0,605.0,Call,-1,0.0009706788057303521,584.93,0.58
2025-02-27T15:00:00.0,591.2,2025-02-28T21:00:00.0,581.0,Put,-1,0.0012009472259810554,593.93,0.7100000000000001
2025-02-27T15:00:00.0,591.2,2025-02-28T21:00:00.0,601.0,Call,-1,0.0009810554803788903,593.93,0.58
2025-02-28T15:00:00.0,586.59,2025-02-28T21:00:00.0,580.0,Put,-1,0.000818288753643942,593.93,0.4799999999999999
2025-02-28T15:00:00.0,586.59,2025-02-28T21:00:00.0,592.0,Call,-1,0.0006307642476005386,593.93,-1.55999999999995
2025-03-03T15:00:00.0,591.93,2025-03-04T21:00:00.0,582.0,Put,-1,0.0012670417110131266,577.51,-3.740000000000009
2025-03-03T15:00:00.0,591.93,2025-03-04T21:00:00.0,600.0,Call,-1,0.0007602250266078761,577.51,0.45000000000000007
2025-03-04T15:00:00.0,575.23,2025-03-05T21:00:00.0,563.0,Put,-1,0.0016167446065052241,583.05,0.93
2025-03-04T15:00:00.0,575.23,2025-03-05T21:00:00.0,587.0,Call,-1,0.0014081323992142273,583.05,0.81
2025-03-05T15:00:00.0,578.8,2025-03-06T21:00:00.0,567.0,Put,-1,0.0017277125086385626,573.12,1.0
2025-03-05T15:00:00.0,578.8,2025-03-06T21:00:00.0,590.0,Call,-1,0.000881133379405667,573.12,0.51
2025-03-06T15:00:00.0,574.99,2025-03-07T21:00:00.0,562.0,Put,-1,0.001686985860623663,575.59,0.9700000000000001
2025-03-06T15:00:00.0,574.99,2025-03-07T21:00:00.0,588.0,Call,-1,0.0013913285448442583,575.59,0.8
2025-03-07T15:00:00.0,573.1207,2025-03-07T21:00:00.0,564.0,Put,-1,0.0009596582360399824,575.59,0.55
2025-03-07T15:00:00.0,573.1207,2025-03-07T21:00:00.0,581.0,Call,-1,0.0010643482254261622,575.59,0.61
2025-03-10T14:00:00.0,567.11,2025-03-11T20:00:00.0,555.0,Put,-1,0.0017104265486413569,556.85,0.97
2025-03-10T14:00:00.0,567.11,2025-03-11T20:00:00.0,579.0,Call,-1,0.001322494754104142,556.85,0.75
2025-03-11T14:00:00.0,561.14,2025-03-12T20:00:00.0,548.0,Put,-1,0.0017999073315037245,558.62,1.01
2025-03-11T14:00:00.0,561.14,2025-03-12T20:00:00.0,574.0,Call,-1,0.001283102256121467,558.62,0.72
2025-03-12T14:00:00.0,559.11,2025-03-13T20:00:00.0,547.0,Put,-1,0.0017706712453721093,551.9,0.99
2025-03-12T14:00:00.0,559.11,2025-03-13T20:00:00.0,571.0,Call,-1,0.0013593031782654576,551.9,0.76
2025-03-13T14:00:00.0,555.13,2025-03-14T20:00:00.0,544.0,Put,-1,0.0014411038855763516,562.28,0.8
2025-03-13T14:00:00.0,555.13,2025-03-14T20:00:00.0,566.0,Call,-1,0.0012609658998793075,562.28,0.7
2025-03-14T14:00:00.0,556.73,2025-03-14T20:00:00.0,550.0,Put,-1,0.000826253300522695,562.28,0.46
2025-03-14T14:00:00.0,556.73,2025-03-14T20:00:00.0,563.0,Call,-1,0.0004849747633502775,562.28,0.27
2025-03-17T14:00:00.0,565.67,2025-03-18T20:00:00.0,556.0,Put,-1,0.0011667580037831246,561.6,0.66
2025-03-17T14:00:00.0,565.67,2025-03-18T20:00:00.0,573.0,Call,-1,0.0009015857301960508,561.6,0.51
2025-03-18T14:00:00.0,560.37,2025-03-19T20:00:00.0,550.0,Put,-1,0.0013384014133518926,567.35,0.75
2025-03-18T14:00:00.0,560.37,2025-03-19T20:00:00.0,570.0,Call,-1,0.0013384014133518926,567.35,0.75
2025-03-19T14:00:00.0,564.2,2025-03-20T20:00:00.0,554.0,Put,-1,0.001453385324353066,565.87,0.82
2025-03-19T14:00:00.0,564.2,2025-03-20T20:00:00.0,573.0,Call,-1,0.0011343495214462956,565.87,0.64
2025-03-20T14:00:00.0,567.5865,2025-03-21T20:00:00.0,557.0,Put,-1,0.0013037660338996787,564.25,0.74
2025-03-20T14:00:00.0,567.5865,2025-03-21T20:00:00.0,575.0,Call,-1,0.0006342645570322762,564.25,0.36
2025-03-21T14:00:00.0,559.585,2025-03-21T20:00:00.0,554.0,Put,-1,0.0008756489183948819,564.25,0.49
2025-03-21T14:00:00.0,559.585,2025-03-21T20:00:00.0,566.0,Call,-1,0.0006790746714082758,564.25,0.38
2025-03-24T14:00:00.0,572.6075,2025-03-25T20:00:00.0,565.0,Put,-1,0.0008906624520286585,575.6,0.51
2025-03-24T14:00:00.0,572.6075,2025-03-25T20:00:00.0,578.0,Call,-1,0.0007334867252000716,575.6,0.42
2025-03-25T14:00:00.0,574.47,2025-03-26T20:00:00.0,568.0,Put,-1,0.0007833307222309258,568.74,0.45
2025-03-25T14:00:00.0,574.47,2025-03-26T20:00:00.0,580.0,Call,-1,0.0005222204814872839,568.74,0.3
2025-03-26T14:00:00.0,573.825,2025-03-27T20:00:00.0,567.0,Put,-1,0.0009236265411928724,567.41,0.53
2025-03-26T14:00:00.0,573.825,2025-03-27T20:00:00.0,579.0,Call,-1,0.0006970766348625452,567.41,0.4
2025-03-27T14:00:00.0,568.81,2025-03-28T20:00:00.0,560.0,Put,-1,0.0010724143387071255,555.5,-3.89
2025-03-27T14:00:00.0,568.81,2025-03-28T20:00:00.0,576.0,Call,-1,0.0008262864576923753,555.5,0.4699999999999999
2025-03-28T14:00:00.0,563.875,2025-03-28T20:00:00.0,559.0,Put,-1,0.0006029705165151851,555.5,-3.16
2025-03-28T14:00:00.0,563.875,2025-03-28T20:00:00.0,569.0,Call,-1,0.0004433606739082243,555.5,0.25
2025-03-31T14:00:00.0,550.51,2025-04-01T20:00:00.0,540.0,Put,-1,0.0015621877895042777,561.0,0.8599999999999999
2025-03-31T14:00:00.0,550.51,2025-04-01T20:00:00.0,560.0,Call,-1,0.0012715482007592959,561.0,-0.30000000000000004
2025-04-01T14:00:00.0,556.95,2025-04-02T20:00:00.0,545.0,Put,-1,0.001741628512433791,564.47,0.97
2025-04-01T14:00:00.0,556.95,2025-04-02T20:00:00.0,568.0,Call,-1,0.0011491157195439446,564.47,0.64
2025-04-02T14:00:00.0,559.79,2025-04-03T20:00:00.0,546.0,Put,-1,0.0016613372871969849,537.52,-7.5500000000000185
2025-04-02T14:00:00.0,559.79,2025-04-03T20:00:00.0,571.0,Call,-1,0.0014469711856231803,537.52,0.81
2025-04-03T14:00:00.0,544.61,2025-04-04T20:00:00.0,532.0,Put,-1,0.0017627292925212537,505.6,-25.439999999999976
2025-04-03T14:00:00.0,544.61,2025-04-04T20:00:00.0,558.0,Call,-1,0.0016341969482749122,505.6,0.89
2025-04-04T14:00:00.0,522.48,2025-04-04T20:00:00.0,510.0,Put,-1,0.0016842749961721022,505.6,-3.5199999999999774
2025-04-04T14:00:00.0,522.48,2025-04-04T20:00:00.0,534.0,Call,-1,0.001531159087429184,505.6,0.8
2025-04-07T14:00:00.0,496.9806,2025-04-08T20:00:00.0,467.0,Put,-1,0.005231592541036814,496.53,2.6
2025-04-07T14:00:00.0,496.9806,2025-04-08T20:00:00.0,522.0,Call,-1,0.002957861936663121,496.53,1.47
2025-04-08T14:00:00.0,522.9999,2025-04-09T20:00:00.0,501.0,Put,-1,0.0030210330824155035,544.3,1.58
2025-04-08T14:00:00.0,522.9999,2025-04-09T20:00:00.0,540.0,Call,-1,0.002237094117991227,544.3,-3.1299999999999546
2025-04-09T14:00:00.0,502.16,2025-04-10T20:00:00.0,473.0,Put,-1,0.004639955392703521,524.55,2.33
2025-04-09T14:00:00.0,502.16,2025-04-10T20:00:00.0,528.0,Call,-1,0.003086665604588179,524.55,1.55
2025-04-10T14:00:00.0,528.5221,2025-04-11T20:00:00.0,506.0,Put,-1,0.0030083888639661424,534.34,1.59
2025-04-10T14:00:00.0,528.5221,2025-04-11T20:00:00.0,548.0,Call,-1,0.002535371746990334,534.34,1.34
2025-04-11T14:00:00.0,525.06,2025-04-11T20:00:00.0,508.0,Put,-1,0.0017140898183064795,534.34,0.9
2025-04-11T14:00:00.0,525.06,2025-04-11T20:00:00.0,539.0,Call,-1,0.002075953224393403,534.34,1.09
2025-04-14T14:00:00.0,540.4,2025-04-15T20:00:00.0,524.0,Put,-1,0.0023316062176165805,537.82,1.26
2025-04-14T14:00:00.0,540.4,2025-04-15T20:00:00.0,553.0,Call,-1,0.001757957068837898,537.82,0.95
2025-04-15T14:00:00.0,541.71,2025-04-16T20:00:00.0,530.0,Put,-1,0.0018275461040039873,525.57,-3.4399999999999498
2025-04-15T14:00:00.0,541.71,2025-04-16T20:00:00.0,552.0,Call,-1,0.0012552841926492034,525.57,0.68
2025-04-16T14:00:00.0,530.18,2025-04-17T20:00:00.0,516.0,Put,-1,0.00188615187294881,526.53,1.0
2025-04-16T14:00:00.0,530.18,2025-04-17T20:00:00.0,542.0,Call,-1,0.0015655060545475123,526.53,0.83
2025-04-17T14:00:00.0,528.59,2025-04-17T20:00:00.0,521.0,Put,-1,0.001116176999186515,526.53,0.59
2025-04-17T14:00:00.0,528.59,2025-04-17T20:00:00.0,535.0,Call,-1,0.0008513214400575114,526.53,0.45
2025-04-21T14:00:00.0,516.8838,2025-04-22T20:00:00.0,503.0,Put,-1,0.001760550437061483,528.01,0.91
2025-04-21T14:00:00.0,516.8838,2025-04-22T20:00:00.0,529.0,Call,-1,0.001683163604663176,528.01,0.87
2025-04-22T14:00:00.0,522.16,2025-04-23T20:00:00.0,510.0,Put,-1,0.0016853071855370003,535.29,0.88
2025-04-22T14:00:00.0,522.16,2025-04-23T20:00:00.0,532.0,Call,-1,0.0014171901332924776,535.29,-2.5499999999999634
2025-04-23T14:00:00.0,542.9496,2025-04-24T20:00:00.0,529.0,Put,-1,0.0016207765877348467,546.71,0.88
2025-04-23T14:00:00.0,542.9496,2025-04-24T20:00:00.0,556.0,Call,-1,0.0016576124192742752,546.71,0.9
2025-04-24T14:00:00.0,539.74,2025-04-25T20:00:00.0,527.0,Put,-1,0.0018156890354615184,550.59,0.98
2025-04-24T14:00:00.0,539.74,2025-04-25T20:00:00.0,551.0,Call,-1,0.0015563048875384443,550.59,0.84
2025-04-25T14:00:00.0,546.1,2025-04-25T20:00:00.0,539.0,Put,-1,0.0010803882072880425,550.59,0.59
2025-04-25T14:00:00.0,546.1,2025-04-25T20:00:00.0,552.0,Call,-1,0.0007324665812122322,550.59,0.4
2025-04-28T14:00:00.0,549.9,2025-04-29T20:00:00.0,539.0,Put,-1,0.0013275140934715403,554.4,0.73
2025-04-28T14:00:00.0,549.9,2025-04-29T20:00:00.0,559.0,Call,-1,0.0010183669758137845,554.4,0.56
2025-04-29T14:00:00.0,550.36,2025-04-30T20:00:00.0,539.0,Put,-1,0.0014899338614724907,554.94,0.82
2025-04-29T14:00:00.0,550.36,2025-04-30T20:00:00.0,560.0,Call,-1,0.0011628752089541392,554.94,0.6400000000000001
2025-04-30T14:00:00.0,543.07,2025-05-01T20:00:00.0,530.0,Put,-1,0.0018229694146242655,559.19,0.99
2025-04-30T14:00:00.0,543.07,2025-05-01T20:00:00.0,554.0,Call,-1,0.0013994512677923654,559.19,-4.430000000000055
2025-05-01T14:00:00.0,559.7,2025-05-02T20:00:00.0,547.0,Put,-1,0.0016080042880114347,566.79,0.9
2025-05-01T14:00:00.0,559.7,2025-05-02T20:00:00.0,570.0,Call,-1,0.0012506700017866712,566.79,0.7
2025-05-02T14:00:00.0,563.4005,2025-05-02T20:00:00.0,557.5,Put,-1,0.000816470698907793,566.79,0.46
2025-05-02T14:00:00.0,563.4005,2025-05-02T20:00:00.0,568.0,Call,-1,0.0007454732468288544,566.79,0.42
2025-05-05T14:00:00.0,563.7872,2025-05-06T20:00:00.0,555.0,Put,-1,0.0011529172709135646,558.77,0.65
2025-05-05T14:00:00.0,563.7872,2025-05-06T20:00:00.0,571.0,Call,-1,0.0007449619288979956,558.77,0.42
2025-05-06T14:00:00.0,557.28,2025-05-07T20:00:00.0,547.0,Put,-1,0.0012381567614125754,562.1904,0.69
2025-05-06T14:00:00.0,557.28,2025-05-07T20:00:00.0,566.0,Call,-1,0.0012561010623026126,562.1904,0.7
2025-05-07T14:00:00.0,561.29,2025-05-08T20:00:00.0,551.0,Put,-1,0.0015500008908051097,565.54,0.87
2025-05-07T14:00:00.0,561.29,2025-05-08T20:00:00.0,571.0,Call,-1,0.0010333339272034065,565.54,0.58
2025-05-08T14:00:00.0,564.38,2025-05-09T20:00:00.0,554.0,Put,-1,0.0014174846734469684,564.28,0.8
2025-05-08T14:00:00.0,564.38,2025-05-09T20:00:00.0,573.0,Call,-1,0.0010631135050852263,564.28,0.6
2025-05-09T14:00:00.0,567.047,2025-05-09T20:00:00.0,562.5,Put,-1,0.0006525032316545189,564.28,0.37
2025-05-09T14:00:00.0,567.047,2025-05-09T20:00:00.0,571.0,Call,-1,0.0005819623417459222,564.28,0.32999999999999996
2025-05-12T14:00:00.0,578.71,2025-05-13T20:00:00.0,570.0,Put,-1,0.001175027215703893,586.5,0.6799999999999999
2025-05-12T14:00:00.0,578.71,2025-05-13T20:00:00.0,586.0,Call,-1,0.001313265711669057,586.5,0.26
2025-05-13T14:00:00.0,585.29,2025-05-14T20:00:00.0,578.0,Put,-1,0.0009226195561174804,587.22,0.54
2025-05-13T14:00:00.0,585.29,2025-05-14T20:00:00.0,592.0,Call,-1,0.0007005074407558646,587.22,0.41
2025-05-14T14:00:00.0,587.178425,2025-05-15T20:00:00.0,580.0,Put,-1,0.0011069889020530687,590.48,0.65
2025-05-14T14:00:00.0,587.178425,2025-05-15T20:00:00.0,594.0,Call,-1,0.0009366829171218274,590.48,0.55
2025-05-15T14:00:00.0,586.4154,2025-05-16T20:00:00.0,579.0,Put,-1,0.001074323764348617,594.04,0.63
2025-05-15T14:00:00.0,586.4154,2025-05-16T20:00:00.0,593.0,Call,-1,0.0008185323918846606,594.04,-0.5599999999999636
2025-05-16T14:00:00.0,590.63,2025-05-16T20:00:00.0,586.0,Put,-1,0.00030475932478878483,594.04,0.18
2025-05-16T14:00:00.0,590.63,2025-05-16T20:00:00.0,594.0,Call,-1,0.00033862147198753873,594.04,0.1600000000000364
2025-05-19T14:00:00.0,591.18,2025-05-20T20:00:00.0,584.0,Put,-1,0.0010994959234074226,592.45,0.65
2025-05-19T14:00:00.0,591.18,2025-05-20T20:00:00.0,598.0,Call,-1,0.0006427822321458778,592.45,0.38
2025-05-20T14:00:00.0,592.86,2025-05-21T20:00:00.0,586.0,Put,-1,0.0009277063724994097,583.02,-2.4300000000000184
2025-05-20T14:00:00.0,592.86,2025-05-21T20:00:00.0,599.0,Call,-1,0.0006915629322268326,583.02,0.41
2025-05-21T14:00:00.0,589.82,2025-05-22T20:00:00.0,582.0,Put,-1,0.0007968532772710317,583.22,0.47
2025-05-21T14:00:00.0,589.82,2025-05-22T20:00:00.0,596.0,Call,-1,0.0008307619273676714,583.22,0.49
2025-05-22T14:00:00.0,584.4,2025-05-23T20:00:00.0,576.0,Put,-1,0.0011122518822724162,578.99,0.65
2025-05-22T14:00:00.0,584.4,2025-05-23T20:00:00.0,592.0,Call,-1,0.0009240246406570843,578.99,0.54
2025-05-23T14:00:00.0,576.9501,2025-05-23T20:00:00.0,571.0,Put,-1,0.0007106333805991193,578.99,0.41
2025-05-23T14:00:00.0,576.9501,2025-05-23T20:00:00.0,582.0,Call,-1,0.0007452984235551739,578.99,0.43
2025-05-27T14:00:00.0,586.77,2025-05-28T20:00:00.0,579.0,Put,-1,0.0011248018814867837,586.95,0.66
2025-05-27T14:00:00.0,586.77,2025-05-28T20:00:00.0,594.0,Call,-1,0.0007328254682413893,586.95,0.43
2025-05-28T14:00:00.0,591.155,2025-05-29T20:00:00.0,582.0,Put,-1,0.0011502905329397537,589.73,0.68
2025-05-28T14:00:00.0,591.155,2025-05-29T20:00:00.0,599.0,Call,-1,0.0008458018624557011,589.73,0.5
2025-05-29T14:00:00.0,591.0551,2025-05-30T20:00:00.0,582.0,Put,-1,0.0012012416439685571,590.39,0.71
2025-05-29T14:00:00.0,591.0551,2025-05-30T20:00:00.0,600.0,Call,-1,0.0009643770944536303,590.39,0.57
2025-05-30T14:00:00.0,587.96,2025-05-30T20:00:00.0,583.0,Put,-1,0.0006803183890060549,590.39,0.4
2025-05-30T14:00:00.0,587.96,2025-05-30T20:00:00.0,593.0,Call,-1,0.00037417511395333014,590.39,0.22
2025-06-02T14:00:00.0,585.29,2025-06-03T20:00:00.0,577.0,Put,-1,0.0006663363460848469,595.89,0.39
2025-06-02T14:00:00.0,585.29,2025-06-03T20:00:00.0,592.0,Call,-1,0.0008713629141109536,595.89,-3.3799999999999866
2025-06-03T14:00:00.0,592.82,2025-06-04T20:00:00.0,586.0,Put,-1,0.0008434263351438884,595.83,0.5
2025-06-03T14:00:00.0,592.82,2025-06-04T20:00:00.0,599.0,Call,-1,0.0005735299078978442,595.83,0.34
2025-06-04T14:00:00.0,597.01,2025-06-05T20:00:00.0,590.0,Put,-1,0.0006867556657342423,593.56,0.41
2025-06-04T14:00:00.0,597.01,2025-06-05T20:00:00.0,603.0,Call,-1,0.0003350027637728011,593.56,0.19999999999999998
2025-06-05T14:00:00.0,594.61,2025-06-06T20:00:00.0,586.0,Put,-1,0.0012445132103395503,598.95,0.74
2025-06-05T14:00:00.0,594.61,2025-06-06T20:00:00.0,603.0,Call,-1,0.0010090647651401759,598.95,0.6
2025-06-06T14:00:00.0,600.12,2025-06-06T20:00:00.0,596.0,Put,-1,0.0005498900219956009,598.95,0.33
2025-06-06T14:00:00.0,600.12,2025-06-06T20:00:00.0,603.0,Call,-1,0.00046657335199626744,598.95,0.28
2025-06-09T14:00:00.0,599.35,2025-06-10T20:00:00.0,593.0,Put,-1,0.00085092183198465,602.69,0.51
2025-06-09T14:00:00.0,599.35,2025-06-10T20:00:00.0,605.0,Call,-1,0.0005339117377158589,602.69,0.32
2025-06-10T14:00:00.0,600.69,2025-06-11T20:00:00.0,594.0,Put,-1,0.0009655562769481761,601.08,0.58
2025-06-10T14:00:00.0,600.69,2025-06-11T20:00:00.0,607.0,Call,-1,0.0006326058366212189,601.08,0.38
2025-06-11T14:00:00.0,603.85,2025-06-12T20:00:00.0,597.0,Put,-1,0.0007617785873975325,603.52,0.46
2025-06-11T14:00:00.0,603.85,2025-06-12T20:00:00.0,609.0,Call,-1,0.0006789765670282354,603.52,0.41
2025-06-12T14:00:00.0,600.735,2025-06-13T20:00:00.0,592.0,Put,-1,0.0006492047242128392,597.2,0.39
2025-06-12T14:00:00.0,600.735,2025-06-13T20:00:00.0,607.0,Call,-1,0.0005659733493137574,597.2,0.34
2025-06-13T14:00:00.0,598.47,2025-06-13T20:00:00.0,593.0,Put,-1,0.000467859708924424,597.2,0.28
2025-06-13T14:00:00.0,598.47,2025-06-13T20:00:00.0,603.0,Call,-1,0.00033418550637458855,597.2,0.2
2025-06-16T14:00:00.0,603.25,2025-06-17T20:00:00.0,597.0,Put,-1,0.0008619975134687112,597.92,0.52
2025-06-16T14:00:00.0,603.25,2025-06-17T20:00:00.0,608.0,Call,-1,0.000513883133029424,597.92,0.31
2025-06-17T14:00:00.0,600.87,2025-06-18T20:00:00.0,593.0,Put,-1,0.0009819095644648592,598.07,0.59
2025-06-17T14:00:00.0,600.87,2025-06-18T20:00:00.0,607.0,Call,-1,0.0007988416795646312,598.07,0.48
2025-06-18T14:00:00.0,598.83,2025-06-18T20:00:00.0,593.0,Put,-1,0.0005510745954611493,598.07,0.33000000000000007
2025-06-18T14:00:00.0,598.83,2025-06-18T20:00:00.0,603.0,Call,-1,0.0005009769049646811,598.07,0.3
2025-06-20T14:00:00.0,597.47,2025-06-20T20:00:00.0,593.0,Put,-1,0.0005355917451922272,595.2301,0.32
2025-06-20T14:00:00.0,597.47,2025-06-20T20:00:00.0,601.0,Call,-1,0.0004016938088941704,595.2301,0.24
2025-06-24T14:00:00.0,604.255,2025-06-25T20:00:00.0,598.0,Put,-1,0.0009102117483512757,606.85,0.55
2025-06-24T14:00:00.0,604.255,2025-06-25T20:00:00.0,609.0,Call,-1,0.0005461270490107654,606.85,0.33
2025-06-25T14:00:00.0,608.2,2025-06-26T20:00:00.0,602.0,Put,-1,0.0006905623150279512,611.4996,0.42
2025-06-25T14:00:00.0,608.2,2025-06-26T20:00:00.0,613.0,Call,-1,0.000443932916803683,611.4996,0.27
2025-06-26T14:00:00.0,609.52,2025-06-27T20:00:00.0,604.0,Put,-1,0.0006234413965087282,614.4,0.38
2025-06-26T14:00:00.0,609.52,2025-06-27T20:00:00.0,614.0,Call,-1,0.0004101588134925843,614.4,-0.1499999999999773
2025-06-27T14:00:00.0,614.97,2025-06-27T20:00:00.0,612.0,Put,-1,0.0004390458071125421,614.4,0.27
2025-06-27T14:00:00.0,614.97,2025-06-27T20:00:00.0,618.0,Call,-1,0.00011382669073288128,614.4,0.07
2025-06-30T14:00:00.0,616.355,2025-07-01T20:00:00.0,610.0,Put,-1,0.0006652010610768144,617.29,0.41
2025-06-30T14:00:00.0,616.355,2025-07-01T20:00:00.0,622.0,Call,-1,0.0004705080675909175,617.29,0.29
2025-07-01T14:00:00.0,617.29,2025-07-02T20:00:00.0,612.0,Put,-1,0.000680393332145345,620.24,0.42
2025-07-01T14:00:00.0,617.29,2025-07-02T20:00:00.0,622.0,Call,-1,0.00045359555476356337,620.24,0.28
2025-07-07T14:00:00.0,623.5,2025-07-08T20:00:00.0,618.0,Put,-1,0.0007858861267040898,620.36,0.49
2025-07-07T14:00:00.0,623.5,2025-07-08T20:00:00.0,628.0,Call,-1,0.0006415396952686447,620.36,0.4
2025-07-08T14:00:00.0,620.83,2025-07-09T20:00:00.0,615.0,Put,-1,0.0007409435755359761,624.07,0.4600000000000001
2025-07-08T14:00:00.0,620.83,2025-07-09T20:00:00.0,626.0,Call,-1,0.0004993315400351143,624.07,0.31
2025-07-09T14:00:00.0,624.455,2025-07-10T20:00:00.0,619.0,Put,-1,0.0006405585670704855,625.74,0.4
2025-07-09T14:00:00.0,624.455,2025-07-10T20:00:00.0,629.0,Call,-1,0.00041636306859581555,625.74,0.26
2025-07-10T14:00:00.0,623.185,2025-07-11T20:00:00.0,618.0,Put,-1,0.0006900037709508413,623.52,0.43
2025-07-10T14:00:00.0,623.185,2025-07-11T20:00:00.0,628.0,Call,-1,0.0004974445790575832,623.52,0.31
2025-07-11T14:00:00.0,623.2,2025-07-11T20:00:00.0,620.0,Put,-1,0.0004813863928112965,623.52,0.3
2025-07-11T14:00:00.0,623.2,2025-07-11T20:00:00.0,626.0,Call,-1,0.00035301668806161744,623.52,0.22
2025-07-14T14:00:00.0,622.6,2025-07-15T20:00:00.0,616.0,Put,-1,0.0006745904272406039,622.15,0.42
2025-07-14T14:00:00.0,622.6,2025-07-15T20:00:00.0,628.0,Call,-1,0.0004979119820109219,622.15,0.31
2025-07-15T14:00:00.0,625.64,2025-07-16T20:00:00.0,620.0,Put,-1,0.0007352471069624705,624.03,0.4600000000000001
2025-07-15T14:00:00.0,625.64,2025-07-16T20:00:00.0,631.0,Call,-1,0.00041557445176139635,624.03,0.26
2025-07-16T14:00:00.0,622.235,2025-07-17T20:00:00.0,616.0,Put,-1,0.0007392705328372721,627.76,0.46
2025-07-16T14:00:00.0,622.235,2025-07-17T20:00:00.0,627.0,Call,-1,0.0006267728430576872,627.76,-0.3699999999999909
2025-07-17T14:00:00.0,625.89,2025-07-18T20:00:00.0,620.0,Put,-1,0.0007349534263209191,627.59,0.46
2025-07-17T14:00:00.0,625.89,2025-07-18T20:00:00.0,631.0,Call,-1,0.0004154084583553021,627.59,0.26
2025-07-18T14:00:00.0,629.01,2025-07-18T20:00:00.0,626.0,Put,-1,0.00023846997662994228,627.59,0.15
2025-07-18T14:00:00.0,629.01,2025-07-18T20:00:00.0,631.0,Call,-1,0.0003020619703979269,627.59,0.19
2025-07-21T14:00:00.0,630.91,2025-07-22T20:00:00.0,626.0,Put,-1,0.0005864544863768208,628.78,0.37
2025-07-21T14:00:00.0,630.91,2025-07-22T20:00:00.0,635.0,Call,-1,0.0002536019400548414,628.78,0.16
2025-07-22T14:00:00.0,626.56,2025-07-23T20:00:00.0,620.0,Put,-1,0.0006384065372829419,633.59,0.4
2025-07-22T14:00:00.0,626.56,2025-07-23T20:00:00.0,632.0,Call,-1,0.0004149642492339122,633.59,-1.3300000000000318
2025-07-23T14:00:00.0,629.755,2025-07-24T20:00:00.0,624.0,Put,-1,0.0006510468356741907,634.34,0.41
2025-07-23T14:00:00.0,629.755,2025-07-24T20:00:00.0,634.0,Call,-1,0.0006351676445601861,634.34,0.05999999999996819
2025-07-24T14:00:00.0,634.925,2025-07-25T20:00:00.0,630.0,Put,-1,0.0006142457770602828,636.9,0.39
2025-07-24T14:00:00.0,634.925,2025-07-25T20:00:00.0,639.0,Call,-1,0.00042524707642634964,636.9,0.27
2025-07-25T14:00:00.0,635.36,2025-07-25T20:00:00.0,632.0,Put,-1,0.000267564845127172,636.9,0.17
2025-07-25T14:00:00.0,635.36,2025-07-25T20:00:00.0,638.0,Call,-1,0.0001573910853689247,636.9,0.1
2025-07-28T14:00:00.0,637.49,2025-07-29T20:00:00.0,633.0,Put,-1,0.0006117743023419975,635.19,0.39
2025-07-28T14:00:00.0,637.49,2025-07-29T20:00:00.0,642.0,Call,-1,0.00034510345260317806,635.19,0.21999999999999997
2025-07-29T14:00:00.0,637.97,2025-07-30T20:00:00.0,632.0,Put,-1,0.0005642898568898224,634.55,0.36
2025-07-29T14:00:00.0,637.97,2025-07-30T20:00:00.0,643.0,Call,-1,0.00043889211091430636,634.55,0.28
2025-07-30T14:00:00.0,635.54,2025-07-31T20:00:00.0,627.0,Put,-1,0.0009598137017339586,632.16,0.61
2025-07-30T14:00:00.0,635.54,2025-07-31T20:00:00.0,642.0,Call,-1,0.0008182018441010795,632.16,0.52
2025-07-31T14:00:00.0,639.39,2025-08-01T20:00:00.0,632.0,Put,-1,0.0008914746868108666,621.82,-9.60999999999995
2025-07-31T14:00:00.0,639.39,2025-08-01T20:00:00.0,645.0,Call,-1,0.0006881558985908444,621.82,0.44
